hand,target_square_1,target_kind_1,target_square_2,target_kind_2,target_1_can_capture_drop,target_2_can_capture_drop,unsupported_no_direct_capture,one_support_patterns,support_not_attacked_by_targets_patterns,best_worst_capture_recapture_3ply,example_support_3ply,best_worst_same_square_capture_chain_4ply,example_support_4ply
銀,4d,歩,5d,歩,False,True,False,90,82,-800,歩5f,-800,歩5f
銀,4d,歩,5d,香,False,True,False,90,82,-400,歩5f,-400,歩5f
銀,4d,歩,5d,桂,False,False,True,90,64,0,歩5f,0,歩5f
銀,4d,歩,5d,銀,False,True,False,90,74,0,歩5f,0,歩5f
銀,4d,歩,5d,金,False,True,False,90,70,200,歩5f,200,歩5f
銀,4d,歩,5d,角,False,False,True,90,74,0,歩5f,0,歩5f
銀,4d,歩,5d,飛,False,True,False,90,78,1000,歩5f,1000,歩5f
銀,4d,歩,5d,と,False,True,False,90,70,-300,歩5f,-300,歩5f
銀,4d,歩,5d,成香,False,True,False,90,70,-100,歩5f,-100,歩5f
銀,4d,歩,5d,成桂,False,True,False,90,70,-100,歩5f,-100,歩5f
銀,4d,歩,5d,成銀,False,True,False,90,70,100,歩5f,100,歩5f
銀,4d,歩,5d,馬,False,True,False,90,70,800,歩5f,800,歩5f
銀,4d,歩,5d,龍,False,True,False,90,70,1200,歩5f,1200,歩5f
銀,4d,香,5d,歩,False,True,False,90,72,-800,歩5f,-800,歩5f
銀,4d,香,5d,香,False,True,False,90,72,-400,歩5f,-400,歩5f
銀,4d,香,5d,桂,False,False,True,90,63,0,歩5f,0,歩5f
銀,4d,香,5d,銀,False,True,False,90,64,0,歩5f,0,歩5f
銀,4d,香,5d,金,False,True,False,90,60,200,歩5f,200,歩5f
銀,4d,香,5d,角,False,False,True,90,64,0,歩5f,0,歩5f
銀,4d,香,5d,飛,False,True,False,90,68,1000,歩5f,1000,歩5f
銀,4d,香,5d,と,False,True,False,90,60,-300,歩5f,-300,歩5f
銀,4d,香,5d,成香,False,True,False,90,60,-100,歩5f,-100,歩5f
銀,4d,香,5d,成桂,False,True,False,90,60,-100,歩5f,-100,歩5f
銀,4d,香,5d,成銀,False,True,False,90,60,100,歩5f,100,歩5f
銀,4d,香,5d,馬,False,True,False,90,60,800,歩5f,800,歩5f
銀,4d,香,5d,龍,False,True,False,90,60,1200,歩5f,1200,歩5f
銀,4d,桂,5d,歩,False,True,False,90,79,-800,香5g,-800,香5g
銀,4d,桂,5d,香,False,True,False,90,79,-400,香5g,-400,香5g
銀,4d,桂,5d,桂,False,False,True,90,61,0,香5g,0,香5g
銀,4d,桂,5d,銀,False,True,False,90,63,0,香5g,0,香5g
銀,4d,桂,5d,金,False,True,False,90,59,200,香5g,200,香5g
銀,4d,桂,5d,角,False,False,True,90,63,0,香5g,0,香5g
銀,4d,桂,5d,飛,False,True,False,90,75,1000,香5g,1000,香5g
銀,4d,桂,5d,と,False,True,False,90,59,-300,香5g,-300,香5g
銀,4d,桂,5d,成香,False,True,False,90,59,-100,香5g,-100,香5g
銀,4d,桂,5d,成桂,False,True,False,90,59,-100,香5g,-100,香5g
銀,4d,桂,5d,成銀,False,True,False,90,59,100,香5g,100,香5g
銀,4d,桂,5d,馬,False,True,False,90,59,800,香5g,800,香5g
銀,4d,桂,5d,龍,False,True,False,90,59,1200,香5g,1200,香5g
銀,4d,銀,5d,歩,True,True,False,90,80,-800,歩5f,-1000,歩5f
銀,4d,銀,5d,香,True,True,False,90,80,-400,歩5f,-600,歩5f
銀,4d,銀,5d,桂,True,False,False,90,62,0,歩5f,0,歩5f
銀,4d,銀,5d,銀,True,True,False,90,72,0,歩5f,-200,歩5f
銀,4d,銀,5d,金,True,True,False,90,68,0,歩5f,-200,歩5f
銀,4d,銀,5d,角,True,False,False,90,72,0,歩5f,0,歩5f
銀,4d,銀,5d,飛,True,True,False,90,76,0,歩5f,-200,歩5f
銀,4d,銀,5d,と,True,True,False,90,68,-300,歩5f,-500,歩5f
銀,4d,銀,5d,成香,True,True,False,90,68,-100,歩5f,-300,歩5f
銀,4d,銀,5d,成桂,True,True,False,90,68,-100,歩5f,-300,歩5f
銀,4d,銀,5d,成銀,True,True,False,90,68,0,歩5f,-200,歩5f
銀,4d,銀,5d,馬,True,True,False,90,68,0,歩5f,-200,歩5f
銀,4d,銀,5d,龍,True,True,False,90,68,0,歩5f,-200,歩5f
銀,4d,金,5d,歩,True,True,False,90,80,-800,歩5f,-1000,歩5f
銀,4d,金,5d,香,True,True,False,90,80,-400,歩5f,-600,歩5f
銀,4d,金,5d,桂,True,False,False,90,62,200,歩5f,200,歩5f
銀,4d,金,5d,銀,True,True,False,90,72,0,歩5f,-200,歩5f
銀,4d,金,5d,金,True,True,False,90,68,200,歩5f,0,歩5f
銀,4d,金,5d,角,True,False,False,90,72,200,歩5f,200,歩5f
銀,4d,金,5d,飛,True,True,False,90,76,200,歩5f,0,歩5f
銀,4d,金,5d,と,True,True,False,90,68,-300,歩5f,-500,歩5f
銀,4d,金,5d,成香,True,True,False,90,68,-100,歩5f,-300,歩5f
銀,4d,金,5d,成桂,True,True,False,90,68,-100,歩5f,-300,歩5f
銀,4d,金,5d,成銀,True,True,False,90,68,100,歩5f,-100,歩5f
銀,4d,金,5d,馬,True,True,False,90,68,200,歩5f,0,歩5f
銀,4d,金,5d,龍,True,True,False,90,68,200,歩5f,0,歩5f
銀,4d,角,5d,歩,True,True,False,90,88,-800,歩5f,-1000,歩5f
銀,4d,角,5d,香,True,True,False,90,88,-400,歩5f,-600,歩5f
銀,4d,角,5d,桂,True,False,False,90,70,600,歩5f,600,歩5f
銀,4d,角,5d,銀,True,True,False,90,72,0,歩5f,-200,歩5f
銀,4d,角,5d,金,True,True,False,90,68,200,歩5f,0,歩5f
銀,4d,角,5d,角,True,False,False,90,72,600,歩5f,600,歩5f
銀,4d,角,5d,飛,True,True,False,90,84,600,歩5f,400,歩5f
銀,4d,角,5d,と,True,True,False,90,68,-300,歩5f,-500,歩5f
銀,4d,角,5d,成香,True,True,False,90,68,-100,歩5f,-300,歩5f
銀,4d,角,5d,成桂,True,True,False,90,68,-100,歩5f,-300,歩5f
銀,4d,角,5d,成銀,True,True,False,90,68,100,歩5f,-100,歩5f
銀,4d,角,5d,馬,True,True,False,90,68,600,歩5f,400,歩5f
銀,4d,角,5d,龍,True,True,False,90,68,600,歩5f,400,歩5f
銀,4d,飛,5d,歩,False,True,False,90,72,-800,歩5f,-800,歩5f
銀,4d,飛,5d,香,False,True,False,90,72,-400,歩5f,-400,歩5f
銀,4d,飛,5d,桂,False,False,True,90,63,0,歩5f,0,歩5f
銀,4d,飛,5d,銀,False,True,False,90,64,0,歩5f,0,歩5f
銀,4d,飛,5d,金,False,True,False,90,60,200,歩5f,200,歩5f
銀,4d,飛,5d,角,False,False,True,90,64,0,歩5f,0,歩5f
銀,4d,飛,5d,飛,False,True,False,90,68,1000,歩5f,1000,歩5f
銀,4d,飛,5d,と,False,True,False,90,60,-300,歩5f,-300,歩5f
銀,4d,飛,5d,成香,False,True,False,90,60,-100,歩5f,-100,歩5f
銀,4d,飛,5d,成桂,False,True,False,90,60,-100,歩5f,-100,歩5f
銀,4d,飛,5d,成銀,False,True,False,90,60,100,歩5f,100,歩5f
銀,4d,飛,5d,馬,False,True,False,90,60,800,歩5f,800,歩5f
銀,4d,飛,5d,龍,False,True,False,90,60,1200,歩5f,1200,歩5f
銀,4d,と,5d,歩,True,True,False,90,80,-800,歩5f,-1000,歩5f
銀,4d,と,5d,香,True,True,False,90,80,-400,歩5f,-600,歩5f
銀,4d,と,5d,桂,True,False,False,90,62,-300,歩5f,-300,歩5f
銀,4d,と,5d,銀,True,True,False,90,72,-300,歩5f,-500,歩5f
銀,4d,と,5d,金,True,True,False,90,68,-300,歩5f,-500,歩5f
銀,4d,と,5d,角,True,False,False,90,72,-300,歩5f,-300,歩5f
銀,4d,と,5d,飛,True,True,False,90,76,-300,歩5f,-500,歩5f
銀,4d,と,5d,と,True,True,False,90,68,-300,歩5f,-500,歩5f
銀,4d,と,5d,成香,True,True,False,90,68,-300,歩5f,-500,歩5f
銀,4d,と,5d,成桂,True,True,False,90,68,-300,歩5f,-500,歩5f
銀,4d,と,5d,成銀,True,True,False,90,68,-300,歩5f,-500,歩5f
銀,4d,と,5d,馬,True,True,False,90,68,-300,歩5f,-500,歩5f
銀,4d,と,5d,龍,True,True,False,90,68,-300,歩5f,-500,歩5f
銀,4d,成香,5d,歩,True,True,False,90,80,-800,歩5f,-1000,歩5f
銀,4d,成香,5d,香,True,True,False,90,80,-400,歩5f,-600,歩5f
銀,4d,成香,5d,桂,True,False,False,90,62,-100,歩5f,-100,歩5f
銀,4d,成香,5d,銀,True,True,False,90,72,-100,歩5f,-300,歩5f
銀,4d,成香,5d,金,True,True,False,90,68,-100,歩5f,-300,歩5f
銀,4d,成香,5d,角,True,False,False,90,72,-100,歩5f,-100,歩5f
銀,4d,成香,5d,飛,True,True,False,90,76,-100,歩5f,-300,歩5f
銀,4d,成香,5d,と,True,True,False,90,68,-300,歩5f,-500,歩5f
銀,4d,成香,5d,成香,True,True,False,90,68,-100,歩5f,-300,歩5f
銀,4d,成香,5d,成桂,True,True,False,90,68,-100,歩5f,-300,歩5f
銀,4d,成香,5d,成銀,True,True,False,90,68,-100,歩5f,-300,歩5f
銀,4d,成香,5d,馬,True,True,False,90,68,-100,歩5f,-300,歩5f
銀,4d,成香,5d,龍,True,True,False,90,68,-100,歩5f,-300,歩5f
銀,4d,成桂,5d,歩,True,True,False,90,80,-800,歩5f,-1000,歩5f
銀,4d,成桂,5d,香,True,True,False,90,80,-400,歩5f,-600,歩5f
銀,4d,成桂,5d,桂,True,False,False,90,62,-100,歩5f,-100,歩5f
銀,4d,成桂,5d,銀,True,True,False,90,72,-100,歩5f,-300,歩5f
銀,4d,成桂,5d,金,True,True,False,90,68,-100,歩5f,-300,歩5f
銀,4d,成桂,5d,角,True,False,False,90,72,-100,歩5f,-100,歩5f
銀,4d,成桂,5d,飛,True,True,False,90,76,-100,歩5f,-300,歩5f
銀,4d,成桂,5d,と,True,True,False,90,68,-300,歩5f,-500,歩5f
銀,4d,成桂,5d,成香,True,True,False,90,68,-100,歩5f,-300,歩5f
銀,4d,成桂,5d,成桂,True,True,False,90,68,-100,歩5f,-300,歩5f
銀,4d,成桂,5d,成銀,True,True,False,90,68,-100,歩5f,-300,歩5f
銀,4d,成桂,5d,馬,True,True,False,90,68,-100,歩5f,-300,歩5f
銀,4d,成桂,5d,龍,True,True,False,90,68,-100,歩5f,-300,歩5f
銀,4d,成銀,5d,歩,True,True,False,90,80,-800,歩5f,-1000,歩5f
銀,4d,成銀,5d,香,True,True,False,90,80,-400,歩5f,-600,歩5f
銀,4d,成銀,5d,桂,True,False,False,90,62,100,歩5f,100,歩5f
銀,4d,成銀,5d,銀,True,True,False,90,72,0,歩5f,-200,歩5f
銀,4d,成銀,5d,金,True,True,False,90,68,100,歩5f,-100,歩5f
銀,4d,成銀,5d,角,True,False,False,90,72,100,歩5f,100,歩5f
銀,4d,成銀,5d,飛,True,True,False,90,76,100,歩5f,-100,歩5f
銀,4d,成銀,5d,と,True,True,False,90,68,-300,歩5f,-500,歩5f
銀,4d,成銀,5d,成香,True,True,False,90,68,-100,歩5f,-300,歩5f
銀,4d,成銀,5d,成桂,True,True,False,90,68,-100,歩5f,-300,歩5f
銀,4d,成銀,5d,成銀,True,True,False,90,68,100,歩5f,-100,歩5f
銀,4d,成銀,5d,馬,True,True,False,90,68,100,歩5f,-100,歩5f
銀,4d,成銀,5d,龍,True,True,False,90,68,100,歩5f,-100,歩5f
銀,4d,馬,5d,歩,True,True,False,90,80,-800,歩5f,-1000,歩5f
銀,4d,馬,5d,香,True,True,False,90,80,-400,歩5f,-600,歩5f
銀,4d,馬,5d,桂,True,False,False,90,62,800,歩5f,800,歩5f
銀,4d,馬,5d,銀,True,True,False,90,72,0,歩5f,-200,歩5f
銀,4d,馬,5d,金,True,True,False,90,68,200,歩5f,0,歩5f
銀,4d,馬,5d,角,True,False,False,90,72,800,歩5f,800,歩5f
銀,4d,馬,5d,飛,True,True,False,90,76,800,歩5f,600,歩5f
銀,4d,馬,5d,と,True,True,False,90,68,-300,歩5f,-500,歩5f
銀,4d,馬,5d,成香,True,True,False,90,68,-100,歩5f,-300,歩5f
銀,4d,馬,5d,成桂,True,True,False,90,68,-100,歩5f,-300,歩5f
銀,4d,馬,5d,成銀,True,True,False,90,68,100,歩5f,-100,歩5f
銀,4d,馬,5d,馬,True,True,False,90,68,800,歩5f,600,歩5f
銀,4d,馬,5d,龍,True,True,False,90,68,800,歩5f,600,歩5f
銀,4d,龍,5d,歩,True,True,False,90,70,-800,歩5f,-1000,歩5f
銀,4d,龍,5d,香,True,True,False,90,70,-400,歩5f,-600,歩5f
銀,4d,龍,5d,桂,True,False,False,90,61,1200,歩5f,1200,歩5f
銀,4d,龍,5d,銀,True,True,False,90,62,0,歩5f,-200,歩5f
銀,4d,龍,5d,金,True,True,False,90,58,200,歩5f,0,歩5f
銀,4d,龍,5d,角,True,False,False,90,62,1200,歩5f,1200,歩5f
銀,4d,龍,5d,飛,True,True,False,90,66,1000,歩5f,800,歩5f
銀,4d,龍,5d,と,True,True,False,90,58,-300,歩5f,-500,歩5f
銀,4d,龍,5d,成香,True,True,False,90,58,-100,歩5f,-300,歩5f
銀,4d,龍,5d,成桂,True,True,False,90,58,-100,歩5f,-300,歩5f
銀,4d,龍,5d,成銀,True,True,False,90,58,100,歩5f,-100,歩5f
銀,4d,龍,5d,馬,True,True,False,90,58,800,歩5f,600,歩5f
銀,4d,龍,5d,龍,True,True,False,90,58,1200,歩5f,1000,歩5f
銀,4d,歩,6d,歩,False,False,True,94,78,0,歩5f,0,歩5f
銀,4d,歩,6d,香,False,False,True,94,68,0,歩5f,0,歩5f
銀,4d,歩,6d,桂,False,False,True,94,75,0,香5g,0,香5g
銀,4d,歩,6d,銀,False,True,False,94,74,0,歩5f,0,歩5f
銀,4d,歩,6d,金,False,True,False,94,68,200,歩5f,200,歩5f
銀,4d,歩,6d,角,False,True,False,94,82,600,歩5f,600,歩5f
銀,4d,歩,6d,飛,False,False,True,94,60,0,歩5f,0,歩5f
銀,4d,歩,6d,と,False,True,False,94,68,-300,歩5f,-300,歩5f
銀,4d,歩,6d,成香,False,True,False,94,68,-100,歩5f,-100,歩5f
銀,4d,歩,6d,成桂,False,True,False,94,68,-100,歩5f,-100,歩5f
銀,4d,歩,6d,成銀,False,True,False,94,68,100,歩5f,100,歩5f
銀,4d,歩,6d,馬,False,True,False,94,66,800,歩5f,800,歩5f
銀,4d,歩,6d,龍,False,True,False,94,56,1200,歩5f,1200,歩5f
銀,4d,香,6d,歩,False,False,True,94,68,0,歩5f,0,歩5f
銀,4d,香,6d,香,False,False,True,94,58,0,歩5f,0,歩5f
銀,4d,香,6d,桂,False,False,True,94,65,0,香5g,0,香5g
銀,4d,香,6d,銀,False,True,False,94,64,0,歩5f,0,歩5f
銀,4d,香,6d,金,False,True,False,94,58,200,歩5f,200,歩5f
銀,4d,香,6d,角,False,True,False,94,72,600,歩5f,600,歩5f
銀,4d,香,6d,飛,False,False,True,94,50,0,歩5f,0,歩5f
銀,4d,香,6d,と,False,True,False,94,58,-300,歩5f,-300,歩5f
銀,4d,香,6d,成香,False,True,False,94,58,-100,歩5f,-100,歩5f
銀,4d,香,6d,成桂,False,True,False,94,58,-100,歩5f,-100,歩5f
銀,4d,香,6d,成銀,False,True,False,94,58,100,歩5f,100,歩5f
銀,4d,香,6d,馬,False,True,False,94,56,800,歩5f,800,歩5f
銀,4d,香,6d,龍,False,True,False,94,46,1200,歩5f,1200,歩5f
銀,4d,桂,6d,歩,False,False,True,94,75,0,香5g,0,香5g
銀,4d,桂,6d,香,False,False,True,94,65,0,香5g,0,香5g
銀,4d,桂,6d,桂,False,False,True,94,83,0,香5g,0,香5g
銀,4d,桂,6d,銀,False,True,False,94,71,0,香5g,0,香5g
銀,4d,桂,6d,金,False,True,False,94,65,200,香5g,200,香5g
銀,4d,桂,6d,角,False,True,False,94,79,600,香5g,600,香5g
銀,4d,桂,6d,飛,False,False,True,94,57,0,香5g,0,香5g
銀,4d,桂,6d,と,False,True,False,94,65,-300,香5g,-300,香5g
銀,4d,桂,6d,成香,False,True,False,94,65,-100,香5g,-100,香5g
銀,4d,桂,6d,成桂,False,True,False,94,65,-100,香5g,-100,香5g
銀,4d,桂,6d,成銀,False,True,False,94,65,100,香5g,100,香5g
銀,4d,桂,6d,馬,False,True,False,94,63,800,香5g,800,香5g
銀,4d,桂,6d,龍,False,True,False,94,53,1200,香5g,1200,香5g
銀,4d,銀,6d,歩,True,False,False,94,74,0,歩5f,0,歩5f
銀,4d,銀,6d,香,True,False,False,94,64,0,歩5f,0,歩5f
銀,4d,銀,6d,桂,True,False,False,94,71,0,香5g,0,香5g
銀,4d,銀,6d,銀,True,True,False,94,72,0,歩5f,-200,歩5f
銀,4d,銀,6d,金,True,True,False,94,64,0,歩5f,-200,歩5f
銀,4d,銀,6d,角,True,True,False,94,80,0,歩5f,-200,歩5f
銀,4d,銀,6d,飛,True,False,False,94,56,0,歩5f,0,歩5f
銀,4d,銀,6d,と,True,True,False,94,64,-300,歩5f,-500,歩5f
銀,4d,銀,6d,成香,True,True,False,94,64,-100,歩5f,-300,歩5f
銀,4d,銀,6d,成桂,True,True,False,94,64,-100,歩5f,-300,歩5f
銀,4d,銀,6d,成銀,True,True,False,94,64,0,歩5f,-200,歩5f
銀,4d,銀,6d,馬,True,True,False,94,64,0,歩5f,-200,歩5f
銀,4d,銀,6d,龍,True,True,False,94,54,0,歩5f,-200,歩5f
銀,4d,金,6d,歩,True,False,False,94,68,200,歩5f,200,歩5f
銀,4d,金,6d,香,True,False,False,94,58,200,歩5f,200,歩5f
銀,4d,金,6d,桂,True,False,False,94,65,200,香5g,200,香5g
銀,4d,金,6d,銀,True,True,False,94,64,0,歩5f,-200,歩5f
銀,4d,金,6d,金,True,True,False,94,66,200,歩5f,0,歩5f
銀,4d,金,6d,角,True,True,False,94,72,200,歩5f,0,歩5f
銀,4d,金,6d,飛,True,False,False,94,58,200,歩5f,200,歩5f
銀,4d,金,6d,と,True,True,False,94,66,-300,歩5f,-500,歩5f
銀,4d,金,6d,成香,True,True,False,94,66,-100,歩5f,-300,歩5f
銀,4d,金,6d,成桂,True,True,False,94,66,-100,歩5f,-300,歩5f
銀,4d,金,6d,成銀,True,True,False,94,66,100,歩5f,-100,歩5f
銀,4d,金,6d,馬,True,True,False,94,64,200,歩5f,0,歩5f
銀,4d,金,6d,龍,True,True,False,94,54,200,歩5f,0,歩5f
銀,4d,角,6d,歩,True,False,False,94,82,600,歩5f,600,歩5f
銀,4d,角,6d,香,True,False,False,94,72,600,歩5f,600,歩5f
銀,4d,角,6d,桂,True,False,False,94,79,600,香5g,600,香5g
銀,4d,角,6d,銀,True,True,False,94,80,0,歩5f,-200,歩5f
銀,4d,角,6d,金,True,True,False,94,72,200,歩5f,0,歩5f
銀,4d,角,6d,角,True,True,False,94,88,600,歩5f,400,歩5f
銀,4d,角,6d,飛,True,False,False,94,64,600,歩5f,600,歩5f
銀,4d,角,6d,と,True,True,False,94,72,-300,歩5f,-500,歩5f
銀,4d,角,6d,成香,True,True,False,94,72,-100,歩5f,-300,歩5f
銀,4d,角,6d,成桂,True,True,False,94,72,-100,歩5f,-300,歩5f
銀,4d,角,6d,成銀,True,True,False,94,72,100,歩5f,-100,歩5f
銀,4d,角,6d,馬,True,True,False,94,72,600,歩5f,400,歩5f
銀,4d,角,6d,龍,True,True,False,94,62,600,歩5f,400,歩5f
銀,4d,飛,6d,歩,False,False,True,94,60,0,歩5f,0,歩5f
銀,4d,飛,6d,香,False,False,True,94,50,0,歩5f,0,歩5f
銀,4d,飛,6d,桂,False,False,True,94,57,0,香5g,0,香5g
銀,4d,飛,6d,銀,False,True,False,94,56,0,歩5f,0,歩5f
銀,4d,飛,6d,金,False,True,False,94,58,200,歩5f,200,歩5f
銀,4d,飛,6d,角,False,True,False,94,64,600,歩5f,600,歩5f
銀,4d,飛,6d,飛,False,False,True,94,50,0,歩5f,0,歩5f
銀,4d,飛,6d,と,False,True,False,94,58,-300,歩5f,-300,歩5f
銀,4d,飛,6d,成香,False,True,False,94,58,-100,歩5f,-100,歩5f
銀,4d,飛,6d,成桂,False,True,False,94,58,-100,歩5f,-100,歩5f
銀,4d,飛,6d,成銀,False,True,False,94,58,100,歩5f,100,歩5f
銀,4d,飛,6d,馬,False,True,False,94,56,800,歩5f,800,歩5f
銀,4d,飛,6d,龍,False,True,False,94,46,1200,歩5f,1200,歩5f
銀,4d,と,6d,歩,True,False,False,94,68,-300,歩5f,-300,歩5f
銀,4d,と,6d,香,True,False,False,94,58,-300,歩5f,-300,歩5f
銀,4d,と,6d,桂,True,False,False,94,65,-300,香5g,-300,香5g
銀,4d,と,6d,銀,True,True,False,94,64,-300,歩5f,-500,歩5f
銀,4d,と,6d,金,True,True,False,94,66,-300,歩5f,-500,歩5f
銀,4d,と,6d,角,True,True,False,94,72,-300,歩5f,-500,歩5f
銀,4d,と,6d,飛,True,False,False,94,58,-300,歩5f,-300,歩5f
銀,4d,と,6d,と,True,True,False,94,66,-300,歩5f,-500,歩5f
銀,4d,と,6d,成香,True,True,False,94,66,-300,歩5f,-500,歩5f
銀,4d,と,6d,成桂,True,True,False,94,66,-300,歩5f,-500,歩5f
銀,4d,と,6d,成銀,True,True,False,94,66,-300,歩5f,-500,歩5f
銀,4d,と,6d,馬,True,True,False,94,64,-300,歩5f,-500,歩5f
銀,4d,と,6d,龍,True,True,False,94,54,-300,歩5f,-500,歩5f
銀,4d,成香,6d,歩,True,False,False,94,68,-100,歩5f,-100,歩5f
銀,4d,成香,6d,香,True,False,False,94,58,-100,歩5f,-100,歩5f
銀,4d,成香,6d,桂,True,False,False,94,65,-100,香5g,-100,香5g
銀,4d,成香,6d,銀,True,True,False,94,64,-100,歩5f,-300,歩5f
銀,4d,成香,6d,金,True,True,False,94,66,-100,歩5f,-300,歩5f
銀,4d,成香,6d,角,True,True,False,94,72,-100,歩5f,-300,歩5f
銀,4d,成香,6d,飛,True,False,False,94,58,-100,歩5f,-100,歩5f
銀,4d,成香,6d,と,True,True,False,94,66,-300,歩5f,-500,歩5f
銀,4d,成香,6d,成香,True,True,False,94,66,-100,歩5f,-300,歩5f
銀,4d,成香,6d,成桂,True,True,False,94,66,-100,歩5f,-300,歩5f
銀,4d,成香,6d,成銀,True,True,False,94,66,-100,歩5f,-300,歩5f
銀,4d,成香,6d,馬,True,True,False,94,64,-100,歩5f,-300,歩5f
銀,4d,成香,6d,龍,True,True,False,94,54,-100,歩5f,-300,歩5f
銀,4d,成桂,6d,歩,True,False,False,94,68,-100,歩5f,-100,歩5f
銀,4d,成桂,6d,香,True,False,False,94,58,-100,歩5f,-100,歩5f
銀,4d,成桂,6d,桂,True,False,False,94,65,-100,香5g,-100,香5g
銀,4d,成桂,6d,銀,True,True,False,94,64,-100,歩5f,-300,歩5f
銀,4d,成桂,6d,金,True,True,False,94,66,-100,歩5f,-300,歩5f
銀,4d,成桂,6d,角,True,True,False,94,72,-100,歩5f,-300,歩5f
銀,4d,成桂,6d,飛,True,False,False,94,58,-100,歩5f,-100,歩5f
銀,4d,成桂,6d,と,True,True,False,94,66,-300,歩5f,-500,歩5f
銀,4d,成桂,6d,成香,True,True,False,94,66,-100,歩5f,-300,歩5f
銀,4d,成桂,6d,成桂,True,True,False,94,66,-100,歩5f,-300,歩5f
銀,4d,成桂,6d,成銀,True,True,False,94,66,-100,歩5f,-300,歩5f
銀,4d,成桂,6d,馬,True,True,False,94,64,-100,歩5f,-300,歩5f
銀,4d,成桂,6d,龍,True,True,False,94,54,-100,歩5f,-300,歩5f
銀,4d,成銀,6d,歩,True,False,False,94,68,100,歩5f,100,歩5f
銀,4d,成銀,6d,香,True,False,False,94,58,100,歩5f,100,歩5f
銀,4d,成銀,6d,桂,True,False,False,94,65,100,香5g,100,香5g
銀,4d,成銀,6d,銀,True,True,False,94,64,0,歩5f,-200,歩5f
銀,4d,成銀,6d,金,True,True,False,94,66,100,歩5f,-100,歩5f
銀,4d,成銀,6d,角,True,True,False,94,72,100,歩5f,-100,歩5f
銀,4d,成銀,6d,飛,True,False,False,94,58,100,歩5f,100,歩5f
銀,4d,成銀,6d,と,True,True,False,94,66,-300,歩5f,-500,歩5f
銀,4d,成銀,6d,成香,True,True,False,94,66,-100,歩5f,-300,歩5f
銀,4d,成銀,6d,成桂,True,True,False,94,66,-100,歩5f,-300,歩5f
銀,4d,成銀,6d,成銀,True,True,False,94,66,100,歩5f,-100,歩5f
銀,4d,成銀,6d,馬,True,True,False,94,64,100,歩5f,-100,歩5f
銀,4d,成銀,6d,龍,True,True,False,94,54,100,歩5f,-100,歩5f
銀,4d,馬,6d,歩,True,False,False,94,66,800,歩5f,800,歩5f
銀,4d,馬,6d,香,True,False,False,94,56,800,歩5f,800,歩5f
銀,4d,馬,6d,桂,True,False,False,94,63,800,香5g,800,香5g
銀,4d,馬,6d,銀,True,True,False,94,64,0,歩5f,-200,歩5f
銀,4d,馬,6d,金,True,True,False,94,64,200,歩5f,0,歩5f
銀,4d,馬,6d,角,True,True,False,94,72,600,歩5f,400,歩5f
銀,4d,馬,6d,飛,True,False,False,94,56,800,歩5f,800,歩5f
銀,4d,馬,6d,と,True,True,False,94,64,-300,歩5f,-500,歩5f
銀,4d,馬,6d,成香,True,True,False,94,64,-100,歩5f,-300,歩5f
銀,4d,馬,6d,成桂,True,True,False,94,64,-100,歩5f,-300,歩5f
銀,4d,馬,6d,成銀,True,True,False,94,64,100,歩5f,-100,歩5f
銀,4d,馬,6d,馬,True,True,False,94,64,800,歩5f,600,歩5f
銀,4d,馬,6d,龍,True,True,False,94,54,800,歩5f,600,歩5f
銀,4d,龍,6d,歩,True,False,False,94,56,1200,歩5f,1200,歩5f
銀,4d,龍,6d,香,True,False,False,94,46,1200,歩5f,1200,歩5f
銀,4d,龍,6d,桂,True,False,False,94,53,1200,香5g,1200,香5g
銀,4d,龍,6d,銀,True,True,False,94,54,0,歩5f,-200,歩5f
銀,4d,龍,6d,金,True,True,False,94,54,200,歩5f,0,歩5f
銀,4d,龍,6d,角,True,True,False,94,62,600,歩5f,400,歩5f
銀,4d,龍,6d,飛,True,False,False,94,46,1200,歩5f,1200,歩5f
銀,4d,龍,6d,と,True,True,False,94,54,-300,歩5f,-500,歩5f
銀,4d,龍,6d,成香,True,True,False,94,54,-100,歩5f,-300,歩5f
銀,4d,龍,6d,成桂,True,True,False,94,54,-100,歩5f,-300,歩5f
銀,4d,龍,6d,成銀,True,True,False,94,54,100,歩5f,-100,歩5f
銀,4d,龍,6d,馬,True,True,False,94,54,800,歩5f,600,歩5f
銀,4d,龍,6d,龍,True,True,False,94,44,1200,歩5f,1000,歩5f
銀,4d,歩,4f,歩,False,False,True,89,80,0,歩5f,0,歩5f
銀,4d,歩,4f,香,False,False,True,89,80,0,歩5f,0,歩5f
銀,4d,歩,4f,桂,False,False,True,89,78,0,歩5f,0,歩5f
銀,4d,歩,4f,銀,False,True,False,89,75,0,歩5f,0,歩5f
銀,4d,歩,4f,金,False,False,True,89,66,0,香5h,0,香5h
銀,4d,歩,4f,角,False,True,False,89,76,600,歩5f,600,歩5f
銀,4d,歩,4f,飛,False,False,True,89,60,0,香5g,0,香5g
銀,4d,歩,4f,と,False,False,True,89,66,0,香5h,0,香5h
銀,4d,歩,4f,成香,False,False,True,89,66,0,香5h,0,香5h
銀,4d,歩,4f,成桂,False,False,True,89,66,0,香5h,0,香5h
銀,4d,歩,4f,成銀,False,False,True,89,66,0,香5h,0,香5h
銀,4d,歩,4f,馬,False,True,False,89,64,800,香5h,800,香5h
銀,4d,歩,4f,龍,False,True,False,89,55,1200,香5h,1200,香5h
銀,4d,香,4f,歩,False,False,True,89,80,0,歩5f,0,歩5f
銀,4d,香,4f,香,False,False,True,89,80,0,歩5f,0,歩5f
銀,4d,香,4f,桂,False,False,True,89,78,0,歩5f,0,歩5f
銀,4d,香,4f,銀,False,True,False,89,75,0,歩5f,0,歩5f
銀,4d,香,4f,金,False,False,True,89,66,0,香5h,0,香5h
銀,4d,香,4f,角,False,True,False,89,76,600,歩5f,600,歩5f
銀,4d,香,4f,飛,False,False,True,89,60,0,香5g,0,香5g
銀,4d,香,4f,と,False,False,True,89,66,0,香5h,0,香5h
銀,4d,香,4f,成香,False,False,True,89,66,0,香5h,0,香5h
銀,4d,香,4f,成桂,False,False,True,89,66,0,香5h,0,香5h
銀,4d,香,4f,成銀,False,False,True,89,66,0,香5h,0,香5h
銀,4d,香,4f,馬,False,True,False,89,64,800,香5h,800,香5h
銀,4d,香,4f,龍,False,True,False,89,55,1200,香5h,1200,香5h
銀,4d,桂,4f,歩,False,False,True,89,77,0,香5g,0,香5g
銀,4d,桂,4f,香,False,False,True,89,77,0,香5g,0,香5g
銀,4d,桂,4f,桂,False,False,True,89,75,0,香5g,0,香5g
銀,4d,桂,4f,銀,False,True,False,89,72,0,香5h,0,香5h
銀,4d,桂,4f,金,False,False,True,89,66,0,香5h,0,香5h
銀,4d,桂,4f,角,False,True,False,89,73,600,香5h,600,香5h
銀,4d,桂,4f,飛,False,False,True,89,60,0,香5g,0,香5g
銀,4d,桂,4f,と,False,False,True,89,66,0,香5h,0,香5h
銀,4d,桂,4f,成香,False,False,True,89,66,0,香5h,0,香5h
銀,4d,桂,4f,成桂,False,False,True,89,66,0,香5h,0,香5h
銀,4d,桂,4f,成銀,False,False,True,89,66,0,香5h,0,香5h
銀,4d,桂,4f,馬,False,True,False,89,64,800,香5h,800,香5h
銀,4d,桂,4f,龍,False,True,False,89,55,1200,香5h,1200,香5h
銀,4d,銀,4f,歩,True,False,False,89,76,0,歩5f,0,歩5f
銀,4d,銀,4f,香,True,False,False,89,76,0,歩5f,0,歩5f
銀,4d,銀,4f,桂,True,False,False,89,74,0,歩5f,0,歩5f
銀,4d,銀,4f,銀,True,True,False,89,73,0,歩5f,-200,歩5f
銀,4d,銀,4f,金,True,False,False,89,62,0,香5h,0,香5h
銀,4d,銀,4f,角,True,True,False,89,74,0,歩5f,-200,歩5f
銀,4d,銀,4f,飛,True,False,False,89,56,0,香5g,0,香5g
銀,4d,銀,4f,と,True,False,False,89,62,0,香5h,0,香5h
銀,4d,銀,4f,成香,True,False,False,89,62,0,香5h,0,香5h
銀,4d,銀,4f,成桂,True,False,False,89,62,0,香5h,0,香5h
銀,4d,銀,4f,成銀,True,False,False,89,62,0,香5h,0,香5h
銀,4d,銀,4f,馬,True,True,False,89,62,0,香5h,-600,香5h
銀,4d,銀,4f,龍,True,True,False,89,53,0,香5h,-600,香5h
銀,4d,金,4f,歩,True,False,False,89,70,200,歩5f,200,歩5f
銀,4d,金,4f,香,True,False,False,89,70,200,歩5f,200,歩5f
銀,4d,金,4f,桂,True,False,False,89,68,200,歩5f,200,歩5f
銀,4d,金,4f,銀,True,True,False,89,67,0,歩5f,-200,歩5f
銀,4d,金,4f,金,True,False,False,89,56,200,香5h,200,香5h
銀,4d,金,4f,角,True,True,False,89,68,200,歩5f,0,歩5f
銀,4d,金,4f,飛,True,False,False,89,50,200,香5g,200,香5g
銀,4d,金,4f,と,True,False,False,89,56,200,香5h,200,香5h
銀,4d,金,4f,成香,True,False,False,89,56,200,香5h,200,香5h
銀,4d,金,4f,成桂,True,False,False,89,56,200,香5h,200,香5h
銀,4d,金,4f,成銀,True,False,False,89,56,200,香5h,200,香5h
銀,4d,金,4f,馬,True,True,False,89,56,200,香5h,-400,香5h
銀,4d,金,4f,龍,True,True,False,89,47,200,香5h,-400,香5h
銀,4d,角,4f,歩,True,False,False,89,84,600,歩5f,600,歩5f
銀,4d,角,4f,香,True,False,False,89,84,600,歩5f,600,歩5f
銀,4d,角,4f,桂,True,False,False,89,82,600,歩5f,600,歩5f
銀,4d,角,4f,銀,True,True,False,89,81,0,歩5f,-200,歩5f
銀,4d,角,4f,金,True,False,False,89,62,600,香5h,600,香5h
銀,4d,角,4f,角,True,True,False,89,82,600,歩5f,400,歩5f
銀,4d,角,4f,飛,True,False,False,89,56,600,香5g,600,香5g
銀,4d,角,4f,と,True,False,False,89,62,600,香5h,600,香5h
銀,4d,角,4f,成香,True,False,False,89,62,600,香5h,600,香5h
銀,4d,角,4f,成桂,True,False,False,89,62,600,香5h,600,香5h
銀,4d,角,4f,成銀,True,False,False,89,62,600,香5h,600,香5h
銀,4d,角,4f,馬,True,True,False,89,62,600,香5h,0,香5h
銀,4d,角,4f,龍,True,True,False,89,53,600,香5h,0,香5h
銀,4d,飛,4f,歩,False,False,True,89,68,0,歩5f,0,歩5f
銀,4d,飛,4f,香,False,False,True,89,68,0,歩5f,0,歩5f
銀,4d,飛,4f,桂,False,False,True,89,66,0,歩5f,0,歩5f
銀,4d,飛,4f,銀,False,True,False,89,63,0,歩5f,0,歩5f
銀,4d,飛,4f,金,False,False,True,89,54,0,香5h,0,香5h
銀,4d,飛,4f,角,False,True,False,89,64,600,歩5f,600,歩5f
銀,4d,飛,4f,飛,False,False,True,89,48,0,香5g,0,香5g
銀,4d,飛,4f,と,False,False,True,89,54,0,香5h,0,香5h
銀,4d,飛,4f,成香,False,False,True,89,54,0,香5h,0,香5h
銀,4d,飛,4f,成桂,False,False,True,89,54,0,香5h,0,香5h
銀,4d,飛,4f,成銀,False,False,True,89,54,0,香5h,0,香5h
銀,4d,飛,4f,馬,False,True,False,89,52,800,香5h,800,香5h
銀,4d,飛,4f,龍,False,True,False,89,43,1200,香5h,1200,香5h
銀,4d,と,4f,歩,True,False,False,89,70,-300,歩5f,-300,歩5f
銀,4d,と,4f,香,True,False,False,89,70,-300,歩5f,-300,歩5f
銀,4d,と,4f,桂,True,False,False,89,68,-300,歩5f,-300,歩5f
銀,4d,と,4f,銀,True,True,False,89,67,-300,歩5f,-500,歩5f
銀,4d,と,4f,金,True,False,False,89,56,-300,香5h,-300,香5h
銀,4d,と,4f,角,True,True,False,89,68,-300,歩5f,-500,歩5f
銀,4d,と,4f,飛,True,False,False,89,50,-300,香5g,-300,香5g
銀,4d,と,4f,と,True,False,False,89,56,-300,香5h,-300,香5h
銀,4d,と,4f,成香,True,False,False,89,56,-300,香5h,-300,香5h
銀,4d,と,4f,成桂,True,False,False,89,56,-300,香5h,-300,香5h
銀,4d,と,4f,成銀,True,False,False,89,56,-300,香5h,-300,香5h
銀,4d,と,4f,馬,True,True,False,89,56,-300,香5h,-900,香5h
銀,4d,と,4f,龍,True,True,False,89,47,-300,香5h,-900,香5h
銀,4d,成香,4f,歩,True,False,False,89,70,-100,歩5f,-100,歩5f
銀,4d,成香,4f,香,True,False,False,89,70,-100,歩5f,-100,歩5f
銀,4d,成香,4f,桂,True,False,False,89,68,-100,歩5f,-100,歩5f
銀,4d,成香,4f,銀,True,True,False,89,67,-100,歩5f,-300,歩5f
銀,4d,成香,4f,金,True,False,False,89,56,-100,香5h,-100,香5h
銀,4d,成香,4f,角,True,True,False,89,68,-100,歩5f,-300,歩5f
銀,4d,成香,4f,飛,True,False,False,89,50,-100,香5g,-100,香5g
銀,4d,成香,4f,と,True,False,False,89,56,-100,香5h,-100,香5h
銀,4d,成香,4f,成香,True,False,False,89,56,-100,香5h,-100,香5h
銀,4d,成香,4f,成桂,True,False,False,89,56,-100,香5h,-100,香5h
銀,4d,成香,4f,成銀,True,False,False,89,56,-100,香5h,-100,香5h
銀,4d,成香,4f,馬,True,True,False,89,56,-100,香5h,-700,香5h
銀,4d,成香,4f,龍,True,True,False,89,47,-100,香5h,-700,香5h
銀,4d,成桂,4f,歩,True,False,False,89,70,-100,歩5f,-100,歩5f
銀,4d,成桂,4f,香,True,False,False,89,70,-100,歩5f,-100,歩5f
銀,4d,成桂,4f,桂,True,False,False,89,68,-100,歩5f,-100,歩5f
銀,4d,成桂,4f,銀,True,True,False,89,67,-100,歩5f,-300,歩5f
銀,4d,成桂,4f,金,True,False,False,89,56,-100,香5h,-100,香5h
銀,4d,成桂,4f,角,True,True,False,89,68,-100,歩5f,-300,歩5f
銀,4d,成桂,4f,飛,True,False,False,89,50,-100,香5g,-100,香5g
銀,4d,成桂,4f,と,True,False,False,89,56,-100,香5h,-100,香5h
銀,4d,成桂,4f,成香,True,False,False,89,56,-100,香5h,-100,香5h
銀,4d,成桂,4f,成桂,True,False,False,89,56,-100,香5h,-100,香5h
銀,4d,成桂,4f,成銀,True,False,False,89,56,-100,香5h,-100,香5h
銀,4d,成桂,4f,馬,True,True,False,89,56,-100,香5h,-700,香5h
銀,4d,成桂,4f,龍,True,True,False,89,47,-100,香5h,-700,香5h
銀,4d,成銀,4f,歩,True,False,False,89,70,100,歩5f,100,歩5f
銀,4d,成銀,4f,香,True,False,False,89,70,100,歩5f,100,歩5f
銀,4d,成銀,4f,桂,True,False,False,89,68,100,歩5f,100,歩5f
銀,4d,成銀,4f,銀,True,True,False,89,67,0,歩5f,-200,歩5f
銀,4d,成銀,4f,金,True,False,False,89,56,100,香5h,100,香5h
銀,4d,成銀,4f,角,True,True,False,89,68,100,歩5f,-100,歩5f
銀,4d,成銀,4f,飛,True,False,False,89,50,100,香5g,100,香5g
銀,4d,成銀,4f,と,True,False,False,89,56,100,香5h,100,香5h
銀,4d,成銀,4f,成香,True,False,False,89,56,100,香5h,100,香5h
銀,4d,成銀,4f,成桂,True,False,False,89,56,100,香5h,100,香5h
銀,4d,成銀,4f,成銀,True,False,False,89,56,100,香5h,100,香5h
銀,4d,成銀,4f,馬,True,True,False,89,56,100,香5h,-500,香5h
銀,4d,成銀,4f,龍,True,True,False,89,47,100,香5h,-500,香5h
銀,4d,馬,4f,歩,True,False,False,89,68,800,歩5f,800,歩5f
銀,4d,馬,4f,香,True,False,False,89,68,800,歩5f,800,歩5f
銀,4d,馬,4f,桂,True,False,False,89,66,800,歩5f,800,歩5f
銀,4d,馬,4f,銀,True,True,False,89,65,0,歩5f,-200,歩5f
銀,4d,馬,4f,金,True,False,False,89,54,800,香5h,800,香5h
銀,4d,馬,4f,角,True,True,False,89,66,600,歩5f,400,歩5f
銀,4d,馬,4f,飛,True,False,False,89,48,800,香5g,800,香5g
銀,4d,馬,4f,と,True,False,False,89,54,800,香5h,800,香5h
銀,4d,馬,4f,成香,True,False,False,89,54,800,香5h,800,香5h
銀,4d,馬,4f,成桂,True,False,False,89,54,800,香5h,800,香5h
銀,4d,馬,4f,成銀,True,False,False,89,54,800,香5h,800,香5h
銀,4d,馬,4f,馬,True,True,False,89,54,800,香5h,200,香5h
銀,4d,馬,4f,龍,True,True,False,89,45,800,香5h,200,香5h
銀,4d,龍,4f,歩,True,False,False,89,64,1200,歩5f,1200,歩5f
銀,4d,龍,4f,香,True,False,False,89,64,1200,歩5f,1200,歩5f
銀,4d,龍,4f,桂,True,False,False,89,62,1200,歩5f,1200,歩5f
銀,4d,龍,4f,銀,True,True,False,89,61,0,歩5f,-200,歩5f
銀,4d,龍,4f,金,True,False,False,89,50,1200,香5h,1200,香5h
銀,4d,龍,4f,角,True,True,False,89,62,600,歩5f,400,歩5f
銀,4d,龍,4f,飛,True,False,False,89,44,1200,香5g,1200,香5g
銀,4d,龍,4f,と,True,False,False,89,50,1200,香5h,1200,香5h
銀,4d,龍,4f,成香,True,False,False,89,50,1200,香5h,1200,香5h
銀,4d,龍,4f,成桂,True,False,False,89,50,1200,香5h,1200,香5h
銀,4d,龍,4f,成銀,True,False,False,89,50,1200,香5h,1200,香5h
銀,4d,龍,4f,馬,True,True,False,89,50,800,香5h,200,香5h
銀,4d,龍,4f,龍,True,True,False,89,41,1200,香5h,600,香5h
銀,4d,歩,6f,歩,False,False,True,89,80,0,歩5f,0,歩5f
銀,4d,歩,6f,香,False,False,True,89,80,0,歩5f,0,歩5f
銀,4d,歩,6f,桂,False,False,True,89,78,0,歩5f,0,歩5f
銀,4d,歩,6f,銀,False,True,False,89,75,0,歩5f,0,歩5f
銀,4d,歩,6f,金,False,False,True,89,58,0,香5h,0,香5h
銀,4d,歩,6f,角,False,True,False,89,76,600,歩5f,600,歩5f
銀,4d,歩,6f,飛,False,False,True,89,48,0,香5g,0,香5g
銀,4d,歩,6f,と,False,False,True,89,58,0,香5h,0,香5h
銀,4d,歩,6f,成香,False,False,True,89,58,0,香5h,0,香5h
銀,4d,歩,6f,成桂,False,False,True,89,58,0,香5h,0,香5h
銀,4d,歩,6f,成銀,False,False,True,89,58,0,香5h,0,香5h
銀,4d,歩,6f,馬,False,True,False,89,56,800,香5h,800,香5h
銀,4d,歩,6f,龍,False,True,False,89,43,1200,香5h,1200,香5h
銀,4d,香,6f,歩,False,False,True,89,70,0,歩5f,0,歩5f
銀,4d,香,6f,香,False,False,True,89,70,0,歩5f,0,歩5f
銀,4d,香,6f,桂,False,False,True,89,68,0,歩5f,0,歩5f
銀,4d,香,6f,銀,False,True,False,89,65,0,歩5f,0,歩5f
銀,4d,香,6f,金,False,False,True,89,48,0,香5h,0,香5h
銀,4d,香,6f,角,False,True,False,89,66,600,歩5f,600,歩5f
銀,4d,香,6f,飛,False,False,True,89,47,0,香5g,0,香5g
銀,4d,香,6f,と,False,False,True,89,48,0,香5h,0,香5h
銀,4d,香,6f,成香,False,False,True,89,48,0,香5h,0,香5h
銀,4d,香,6f,成桂,False,False,True,89,48,0,香5h,0,香5h
銀,4d,香,6f,成銀,False,False,True,89,48,0,香5h,0,香5h
銀,4d,香,6f,馬,False,True,False,89,46,800,香5h,800,香5h
銀,4d,香,6f,龍,False,True,False,89,42,1200,香5h,1200,香5h
銀,4d,桂,6f,歩,False,False,True,89,77,0,香5g,0,香5g
銀,4d,桂,6f,香,False,False,True,89,77,0,香5g,0,香5g
銀,4d,桂,6f,桂,False,False,True,89,75,0,香5g,0,香5g
銀,4d,桂,6f,銀,False,True,False,89,72,0,香5h,0,香5h
銀,4d,桂,6f,金,False,False,True,89,66,0,香5h,0,香5h
銀,4d,桂,6f,角,False,True,False,89,73,600,香5h,600,香5h
銀,4d,桂,6f,飛,False,False,True,89,56,0,香5g,0,香5g
銀,4d,桂,6f,と,False,False,True,89,66,0,香5h,0,香5h
銀,4d,桂,6f,成香,False,False,True,89,66,0,香5h,0,香5h
銀,4d,桂,6f,成桂,False,False,True,89,66,0,香5h,0,香5h
銀,4d,桂,6f,成銀,False,False,True,89,66,0,香5h,0,香5h
銀,4d,桂,6f,馬,False,True,False,89,64,800,香5h,800,香5h
銀,4d,桂,6f,龍,False,True,False,89,51,1200,香5h,1200,香5h
銀,4d,銀,6f,歩,True,False,False,89,76,0,歩5f,0,歩5f
銀,4d,銀,6f,香,True,False,False,89,76,0,歩5f,0,歩5f
銀,4d,銀,6f,桂,True,False,False,89,74,0,歩5f,0,歩5f
銀,4d,銀,6f,銀,True,True,False,89,71,0,歩5f,-200,歩5f
銀,4d,銀,6f,金,True,False,False,89,54,0,香5h,0,香5h
銀,4d,銀,6f,角,True,True,False,89,72,0,歩5f,-200,歩5f
銀,4d,銀,6f,飛,True,False,False,89,44,0,香5g,0,香5g
銀,4d,銀,6f,と,True,False,False,89,54,0,香5h,0,香5h
銀,4d,銀,6f,成香,True,False,False,89,54,0,香5h,0,香5h
銀,4d,銀,6f,成桂,True,False,False,89,54,0,香5h,0,香5h
銀,4d,銀,6f,成銀,True,False,False,89,54,0,香5h,0,香5h
銀,4d,銀,6f,馬,True,True,False,89,52,0,香5h,-600,香5h
銀,4d,銀,6f,龍,True,True,False,89,39,0,香5h,-600,香5h
銀,4d,金,6f,歩,True,False,False,89,70,200,歩5f,200,歩5f
銀,4d,金,6f,香,True,False,False,89,70,200,歩5f,200,歩5f
銀,4d,金,6f,桂,True,False,False,89,68,200,歩5f,200,歩5f
銀,4d,金,6f,銀,True,True,False,89,65,0,歩5f,-200,歩5f
銀,4d,金,6f,金,True,False,False,89,48,200,香5h,200,香5h
銀,4d,金,6f,角,True,True,False,89,66,200,歩5f,0,歩5f
銀,4d,金,6f,飛,True,False,False,89,38,200,香5g,200,香5g
銀,4d,金,6f,と,True,False,False,89,48,200,香5h,200,香5h
銀,4d,金,6f,成香,True,False,False,89,48,200,香5h,200,香5h
銀,4d,金,6f,成桂,True,False,False,89,48,200,香5h,200,香5h
銀,4d,金,6f,成銀,True,False,False,89,48,200,香5h,200,香5h
銀,4d,金,6f,馬,True,True,False,89,46,200,香5h,-400,香5h
銀,4d,金,6f,龍,True,True,False,89,33,200,香5h,-400,香5h
銀,4d,角,6f,歩,True,False,False,89,84,600,歩5f,600,歩5f
銀,4d,角,6f,香,True,False,False,89,84,600,歩5f,600,歩5f
銀,4d,角,6f,桂,True,False,False,89,82,600,歩5f,600,歩5f
銀,4d,角,6f,銀,True,True,False,89,79,0,歩5f,-200,歩5f
銀,4d,角,6f,金,True,False,False,89,62,600,香5h,600,香5h
銀,4d,角,6f,角,True,True,False,89,80,600,歩5f,400,歩5f
銀,4d,角,6f,飛,True,False,False,89,52,600,香5g,600,香5g
銀,4d,角,6f,と,True,False,False,89,62,600,香5h,600,香5h
銀,4d,角,6f,成香,True,False,False,89,62,600,香5h,600,香5h
銀,4d,角,6f,成桂,True,False,False,89,62,600,香5h,600,香5h
銀,4d,角,6f,成銀,True,False,False,89,62,600,香5h,600,香5h
銀,4d,角,6f,馬,True,True,False,89,60,600,香5h,0,香5h
銀,4d,角,6f,龍,True,True,False,89,47,600,香5h,0,香5h
銀,4d,飛,6f,歩,False,False,True,89,58,0,歩5f,0,歩5f
銀,4d,飛,6f,香,False,False,True,89,58,0,歩5f,0,歩5f
銀,4d,飛,6f,桂,False,False,True,89,56,0,歩5f,0,歩5f
銀,4d,飛,6f,銀,False,True,False,89,53,0,歩5f,0,歩5f
銀,4d,飛,6f,金,False,False,True,89,36,0,香5h,0,香5h
銀,4d,飛,6f,角,False,True,False,89,54,600,歩5f,600,歩5f
銀,4d,飛,6f,飛,False,False,True,89,39,0,香5g,0,香5g
銀,4d,飛,6f,と,False,False,True,89,36,0,香5h,0,香5h
銀,4d,飛,6f,成香,False,False,True,89,36,0,香5h,0,香5h
銀,4d,飛,6f,成桂,False,False,True,89,36,0,香5h,0,香5h
銀,4d,飛,6f,成銀,False,False,True,89,36,0,香5h,0,香5h
銀,4d,飛,6f,馬,False,True,False,89,34,800,香5h,800,香5h
銀,4d,飛,6f,龍,False,True,False,89,34,1200,香5h,1200,香5h
銀,4d,と,6f,歩,True,False,False,89,70,-300,歩5f,-300,歩5f
銀,4d,と,6f,香,True,False,False,89,70,-300,歩5f,-300,歩5f
銀,4d,と,6f,桂,True,False,False,89,68,-300,歩5f,-300,歩5f
銀,4d,と,6f,銀,True,True,False,89,65,-300,歩5f,-500,歩5f
銀,4d,と,6f,金,True,False,False,89,48,-300,香5h,-300,香5h
銀,4d,と,6f,角,True,True,False,89,66,-300,歩5f,-500,歩5f
銀,4d,と,6f,飛,True,False,False,89,38,-300,香5g,-300,香5g
銀,4d,と,6f,と,True,False,False,89,48,-300,香5h,-300,香5h
銀,4d,と,6f,成香,True,False,False,89,48,-300,香5h,-300,香5h
銀,4d,と,6f,成桂,True,False,False,89,48,-300,香5h,-300,香5h
銀,4d,と,6f,成銀,True,False,False,89,48,-300,香5h,-300,香5h
銀,4d,と,6f,馬,True,True,False,89,46,-300,香5h,-900,香5h
銀,4d,と,6f,龍,True,True,False,89,33,-300,香5h,-900,香5h
銀,4d,成香,6f,歩,True,False,False,89,70,-100,歩5f,-100,歩5f
銀,4d,成香,6f,香,True,False,False,89,70,-100,歩5f,-100,歩5f
銀,4d,成香,6f,桂,True,False,False,89,68,-100,歩5f,-100,歩5f
銀,4d,成香,6f,銀,True,True,False,89,65,-100,歩5f,-300,歩5f
銀,4d,成香,6f,金,True,False,False,89,48,-100,香5h,-100,香5h
銀,4d,成香,6f,角,True,True,False,89,66,-100,歩5f,-300,歩5f
銀,4d,成香,6f,飛,True,False,False,89,38,-100,香5g,-100,香5g
銀,4d,成香,6f,と,True,False,False,89,48,-100,香5h,-100,香5h
銀,4d,成香,6f,成香,True,False,False,89,48,-100,香5h,-100,香5h
銀,4d,成香,6f,成桂,True,False,False,89,48,-100,香5h,-100,香5h
銀,4d,成香,6f,成銀,True,False,False,89,48,-100,香5h,-100,香5h
銀,4d,成香,6f,馬,True,True,False,89,46,-100,香5h,-700,香5h
銀,4d,成香,6f,龍,True,True,False,89,33,-100,香5h,-700,香5h
銀,4d,成桂,6f,歩,True,False,False,89,70,-100,歩5f,-100,歩5f
銀,4d,成桂,6f,香,True,False,False,89,70,-100,歩5f,-100,歩5f
銀,4d,成桂,6f,桂,True,False,False,89,68,-100,歩5f,-100,歩5f
銀,4d,成桂,6f,銀,True,True,False,89,65,-100,歩5f,-300,歩5f
銀,4d,成桂,6f,金,True,False,False,89,48,-100,香5h,-100,香5h
銀,4d,成桂,6f,角,True,True,False,89,66,-100,歩5f,-300,歩5f
銀,4d,成桂,6f,飛,True,False,False,89,38,-100,香5g,-100,香5g
銀,4d,成桂,6f,と,True,False,False,89,48,-100,香5h,-100,香5h
銀,4d,成桂,6f,成香,True,False,False,89,48,-100,香5h,-100,香5h
銀,4d,成桂,6f,成桂,True,False,False,89,48,-100,香5h,-100,香5h
銀,4d,成桂,6f,成銀,True,False,False,89,48,-100,香5h,-100,香5h
銀,4d,成桂,6f,馬,True,True,False,89,46,-100,香5h,-700,香5h
銀,4d,成桂,6f,龍,True,True,False,89,33,-100,香5h,-700,香5h
銀,4d,成銀,6f,歩,True,False,False,89,70,100,歩5f,100,歩5f
銀,4d,成銀,6f,香,True,False,False,89,70,100,歩5f,100,歩5f
銀,4d,成銀,6f,桂,True,False,False,89,68,100,歩5f,100,歩5f
銀,4d,成銀,6f,銀,True,True,False,89,65,0,歩5f,-200,歩5f
銀,4d,成銀,6f,金,True,False,False,89,48,100,香5h,100,香5h
銀,4d,成銀,6f,角,True,True,False,89,66,100,歩5f,-100,歩5f
銀,4d,成銀,6f,飛,True,False,False,89,38,100,香5g,100,香5g
銀,4d,成銀,6f,と,True,False,False,89,48,100,香5h,100,香5h
銀,4d,成銀,6f,成香,True,False,False,89,48,100,香5h,100,香5h
銀,4d,成銀,6f,成桂,True,False,False,89,48,100,香5h,100,香5h
銀,4d,成銀,6f,成銀,True,False,False,89,48,100,香5h,100,香5h
銀,4d,成銀,6f,馬,True,True,False,89,46,100,香5h,-500,香5h
銀,4d,成銀,6f,龍,True,True,False,89,33,100,香5h,-500,香5h
銀,4d,馬,6f,歩,True,False,False,89,68,800,歩5f,800,歩5f
銀,4d,馬,6f,香,True,False,False,89,68,800,歩5f,800,歩5f
銀,4d,馬,6f,桂,True,False,False,89,66,800,歩5f,800,歩5f
銀,4d,馬,6f,銀,True,True,False,89,63,0,歩5f,-200,歩5f
銀,4d,馬,6f,金,True,False,False,89,46,800,香5h,800,香5h
銀,4d,馬,6f,角,True,True,False,89,64,600,歩5f,400,歩5f
銀,4d,馬,6f,飛,True,False,False,89,36,800,香5g,800,香5g
銀,4d,馬,6f,と,True,False,False,89,46,800,香5h,800,香5h
銀,4d,馬,6f,成香,True,False,False,89,46,800,香5h,800,香5h
銀,4d,馬,6f,成桂,True,False,False,89,46,800,香5h,800,香5h
銀,4d,馬,6f,成銀,True,False,False,89,46,800,香5h,800,香5h
銀,4d,馬,6f,馬,True,True,False,89,44,800,香5h,200,香5h
銀,4d,馬,6f,龍,True,True,False,89,31,800,香5h,200,香5h
銀,4d,龍,6f,歩,True,False,False,89,54,1200,歩5f,1200,歩5f
銀,4d,龍,6f,香,True,False,False,89,54,1200,歩5f,1200,歩5f
銀,4d,龍,6f,桂,True,False,False,89,52,1200,歩5f,1200,歩5f
銀,4d,龍,6f,銀,True,True,False,89,49,0,歩5f,-200,歩5f
銀,4d,龍,6f,金,True,False,False,89,32,1200,香5h,1200,香5h
銀,4d,龍,6f,角,True,True,False,89,50,600,歩5f,400,歩5f
銀,4d,龍,6f,飛,True,False,False,89,35,1200,香5g,1200,香5g
銀,4d,龍,6f,と,True,False,False,89,32,1200,香5h,1200,香5h
銀,4d,龍,6f,成香,True,False,False,89,32,1200,香5h,1200,香5h
銀,4d,龍,6f,成桂,True,False,False,89,32,1200,香5h,1200,香5h
銀,4d,龍,6f,成銀,True,False,False,89,32,1200,香5h,1200,香5h
銀,4d,龍,6f,馬,True,True,False,89,30,800,香5h,200,香5h
銀,4d,龍,6f,龍,True,True,False,89,30,1200,香5h,600,香5h
銀,5d,歩,6d,歩,True,False,False,90,82,-800,歩5f,-800,歩5f
銀,5d,歩,6d,香,True,False,False,90,72,-800,歩5f,-800,歩5f
銀,5d,歩,6d,桂,True,False,False,90,79,-800,香5g,-800,香5g
銀,5d,歩,6d,銀,True,True,False,90,80,-800,歩5f,-1000,歩5f
銀,5d,歩,6d,金,True,True,False,90,80,-800,歩5f,-1000,歩5f
銀,5d,歩,6d,角,True,True,False,90,88,-800,歩5f,-1000,歩5f
銀,5d,歩,6d,飛,True,False,False,90,72,-800,歩5f,-800,歩5f
銀,5d,歩,6d,と,True,True,False,90,80,-800,歩5f,-1000,歩5f
銀,5d,歩,6d,成香,True,True,False,90,80,-800,歩5f,-1000,歩5f
銀,5d,歩,6d,成桂,True,True,False,90,80,-800,歩5f,-1000,歩5f
銀,5d,歩,6d,成銀,True,True,False,90,80,-800,歩5f,-1000,歩5f
銀,5d,歩,6d,馬,True,True,False,90,80,-800,歩5f,-1000,歩5f
銀,5d,歩,6d,龍,True,True,False,90,70,-800,歩5f,-1000,歩5f
銀,5d,香,6d,歩,True,False,False,90,82,-400,歩5f,-400,歩5f
銀,5d,香,6d,香,True,False,False,90,72,-400,歩5f,-400,歩5f
銀,5d,香,6d,桂,True,False,False,90,79,-400,香5g,-400,香5g
銀,5d,香,6d,銀,True,True,False,90,80,-400,歩5f,-600,歩5f
銀,5d,香,6d,金,True,True,False,90,80,-400,歩5f,-600,歩5f
銀,5d,香,6d,角,True,True,False,90,88,-400,歩5f,-600,歩5f
銀,5d,香,6d,飛,True,False,False,90,72,-400,歩5f,-400,歩5f
銀,5d,香,6d,と,True,True,False,90,80,-400,歩5f,-600,歩5f
銀,5d,香,6d,成香,True,True,False,90,80,-400,歩5f,-600,歩5f
銀,5d,香,6d,成桂,True,True,False,90,80,-400,歩5f,-600,歩5f
銀,5d,香,6d,成銀,True,True,False,90,80,-400,歩5f,-600,歩5f
銀,5d,香,6d,馬,True,True,False,90,80,-400,歩5f,-600,歩5f
銀,5d,香,6d,龍,True,True,False,90,70,-400,歩5f,-600,歩5f
銀,5d,桂,6d,歩,False,False,True,90,64,0,歩5f,0,歩5f
銀,5d,桂,6d,香,False,False,True,90,63,0,歩5f,0,歩5f
銀,5d,桂,6d,桂,False,False,True,90,61,0,香5g,0,香5g
銀,5d,桂,6d,銀,False,True,False,90,62,0,歩5f,0,歩5f
銀,5d,桂,6d,金,False,True,False,90,62,200,歩5f,200,歩5f
銀,5d,桂,6d,角,False,True,False,90,70,600,歩5f,600,歩5f
銀,5d,桂,6d,飛,False,False,True,90,63,0,歩5f,0,歩5f
銀,5d,桂,6d,と,False,True,False,90,62,-300,歩5f,-300,歩5f
銀,5d,桂,6d,成香,False,True,False,90,62,-100,歩5f,-100,歩5f
銀,5d,桂,6d,成桂,False,True,False,90,62,-100,歩5f,-100,歩5f
銀,5d,桂,6d,成銀,False,True,False,90,62,100,歩5f,100,歩5f
銀,5d,桂,6d,馬,False,True,False,90,62,800,歩5f,800,歩5f
銀,5d,桂,6d,龍,False,True,False,90,61,1200,歩5f,1200,歩5f
銀,5d,銀,6d,歩,True,False,False,90,74,0,歩5f,0,歩5f
銀,5d,銀,6d,香,True,False,False,90,64,0,歩5f,0,歩5f
銀,5d,銀,6d,桂,True,False,False,90,63,0,香5g,0,香5g
銀,5d,銀,6d,銀,True,True,False,90,72,0,歩5f,-200,歩5f
銀,5d,銀,6d,金,True,True,False,90,72,0,歩5f,-200,歩5f
銀,5d,銀,6d,角,True,True,False,90,72,0,歩5f,-200,歩5f
銀,5d,銀,6d,飛,True,False,False,90,64,0,歩5f,0,歩5f
銀,5d,銀,6d,と,True,True,False,90,72,-300,歩5f,-500,歩5f
銀,5d,銀,6d,成香,True,True,False,90,72,-100,歩5f,-300,歩5f
銀,5d,銀,6d,成桂,True,True,False,90,72,-100,歩5f,-300,歩5f
銀,5d,銀,6d,成銀,True,True,False,90,72,0,歩5f,-200,歩5f
銀,5d,銀,6d,馬,True,True,False,90,72,0,歩5f,-200,歩5f
銀,5d,銀,6d,龍,True,True,False,90,62,0,歩5f,-200,歩5f
銀,5d,金,6d,歩,True,False,False,90,70,200,歩5f,200,歩5f
銀,5d,金,6d,香,True,False,False,90,60,200,歩5f,200,歩5f
銀,5d,金,6d,桂,True,False,False,90,59,200,香5g,200,香5g
銀,5d,金,6d,銀,True,True,False,90,68,0,歩5f,-200,歩5f
銀,5d,金,6d,金,True,True,False,90,68,200,歩5f,0,歩5f
銀,5d,金,6d,角,True,True,False,90,68,200,歩5f,0,歩5f
銀,5d,金,6d,飛,True,False,False,90,60,200,歩5f,200,歩5f
銀,5d,金,6d,と,True,True,False,90,68,-300,歩5f,-500,歩5f
銀,5d,金,6d,成香,True,True,False,90,68,-100,歩5f,-300,歩5f
銀,5d,金,6d,成桂,True,True,False,90,68,-100,歩5f,-300,歩5f
銀,5d,金,6d,成銀,True,True,False,90,68,100,歩5f,-100,歩5f
銀,5d,金,6d,馬,True,True,False,90,68,200,歩5f,0,歩5f
銀,5d,金,6d,龍,True,True,False,90,58,200,歩5f,0,歩5f
銀,5d,角,6d,歩,False,False,True,90,74,0,歩5f,0,歩5f
銀,5d,角,6d,香,False,False,True,90,64,0,歩5f,0,歩5f
銀,5d,角,6d,桂,False,False,True,90,63,0,香5g,0,香5g
銀,5d,角,6d,銀,False,True,False,90,72,0,歩5f,0,歩5f
銀,5d,角,6d,金,False,True,False,90,72,200,歩5f,200,歩5f
銀,5d,角,6d,角,False,True,False,90,72,600,歩5f,600,歩5f
銀,5d,角,6d,飛,False,False,True,90,64,0,歩5f,0,歩5f
銀,5d,角,6d,と,False,True,False,90,72,-300,歩5f,-300,歩5f
銀,5d,角,6d,成香,False,True,False,90,72,-100,歩5f,-100,歩5f
銀,5d,角,6d,成桂,False,True,False,90,72,-100,歩5f,-100,歩5f
銀,5d,角,6d,成銀,False,True,False,90,72,100,歩5f,100,歩5f
銀,5d,角,6d,馬,False,True,False,90,72,800,歩5f,800,歩5f
銀,5d,角,6d,龍,False,True,False,90,62,1200,歩5f,1200,歩5f
銀,5d,飛,6d,歩,True,False,False,90,78,1000,歩5f,1000,歩5f
銀,5d,飛,6d,香,True,False,False,90,68,1000,歩5f,1000,歩5f
銀,5d,飛,6d,桂,True,False,False,90,75,1000,香5g,1000,香5g
銀,5d,飛,6d,銀,True,True,False,90,76,0,歩5f,-200,歩5f
銀,5d,飛,6d,金,True,True,False,90,76,200,歩5f,0,歩5f
銀,5d,飛,6d,角,True,True,False,90,84,600,歩5f,400,歩5f
銀,5d,飛,6d,飛,True,False,False,90,68,1000,歩5f,1000,歩5f
銀,5d,飛,6d,と,True,True,False,90,76,-300,歩5f,-500,歩5f
銀,5d,飛,6d,成香,True,True,False,90,76,-100,歩5f,-300,歩5f
銀,5d,飛,6d,成桂,True,True,False,90,76,-100,歩5f,-300,歩5f
銀,5d,飛,6d,成銀,True,True,False,90,76,100,歩5f,-100,歩5f
銀,5d,飛,6d,馬,True,True,False,90,76,800,歩5f,600,歩5f
銀,5d,飛,6d,龍,True,True,False,90,66,1000,歩5f,800,歩5f
銀,5d,と,6d,歩,True,False,False,90,70,-300,歩5f,-300,歩5f
銀,5d,と,6d,香,True,False,False,90,60,-300,歩5f,-300,歩5f
銀,5d,と,6d,桂,True,False,False,90,59,-300,香5g,-300,香5g
銀,5d,と,6d,銀,True,True,False,90,68,-300,歩5f,-500,歩5f
銀,5d,と,6d,金,True,True,False,90,68,-300,歩5f,-500,歩5f
銀,5d,と,6d,角,True,True,False,90,68,-300,歩5f,-500,歩5f
銀,5d,と,6d,飛,True,False,False,90,60,-300,歩5f,-300,歩5f
銀,5d,と,6d,と,True,True,False,90,68,-300,歩5f,-500,歩5f
銀,5d,と,6d,成香,True,True,False,90,68,-300,歩5f,-500,歩5f
銀,5d,と,6d,成桂,True,True,False,90,68,-300,歩5f,-500,歩5f
銀,5d,と,6d,成銀,True,True,False,90,68,-300,歩5f,-500,歩5f
銀,5d,と,6d,馬,True,True,False,90,68,-300,歩5f,-500,歩5f
銀,5d,と,6d,龍,True,True,False,90,58,-300,歩5f,-500,歩5f
銀,5d,成香,6d,歩,True,False,False,90,70,-100,歩5f,-100,歩5f
銀,5d,成香,6d,香,True,False,False,90,60,-100,歩5f,-100,歩5f
銀,5d,成香,6d,桂,True,False,False,90,59,-100,香5g,-100,香5g
銀,5d,成香,6d,銀,True,True,False,90,68,-100,歩5f,-300,歩5f
銀,5d,成香,6d,金,True,True,False,90,68,-100,歩5f,-300,歩5f
銀,5d,成香,6d,角,True,True,False,90,68,-100,歩5f,-300,歩5f
銀,5d,成香,6d,飛,True,False,False,90,60,-100,歩5f,-100,歩5f
銀,5d,成香,6d,と,True,True,False,90,68,-300,歩5f,-500,歩5f
銀,5d,成香,6d,成香,True,True,False,90,68,-100,歩5f,-300,歩5f
銀,5d,成香,6d,成桂,True,True,False,90,68,-100,歩5f,-300,歩5f
銀,5d,成香,6d,成銀,True,True,False,90,68,-100,歩5f,-300,歩5f
銀,5d,成香,6d,馬,True,True,False,90,68,-100,歩5f,-300,歩5f
銀,5d,成香,6d,龍,True,True,False,90,58,-100,歩5f,-300,歩5f
銀,5d,成桂,6d,歩,True,False,False,90,70,-100,歩5f,-100,歩5f
銀,5d,成桂,6d,香,True,False,False,90,60,-100,歩5f,-100,歩5f
銀,5d,成桂,6d,桂,True,False,False,90,59,-100,香5g,-100,香5g
銀,5d,成桂,6d,銀,True,True,False,90,68,-100,歩5f,-300,歩5f
銀,5d,成桂,6d,金,True,True,False,90,68,-100,歩5f,-300,歩5f
銀,5d,成桂,6d,角,True,True,False,90,68,-100,歩5f,-300,歩5f
銀,5d,成桂,6d,飛,True,False,False,90,60,-100,歩5f,-100,歩5f
銀,5d,成桂,6d,と,True,True,False,90,68,-300,歩5f,-500,歩5f
銀,5d,成桂,6d,成香,True,True,False,90,68,-100,歩5f,-300,歩5f
銀,5d,成桂,6d,成桂,True,True,False,90,68,-100,歩5f,-300,歩5f
銀,5d,成桂,6d,成銀,True,True,False,90,68,-100,歩5f,-300,歩5f
銀,5d,成桂,6d,馬,True,True,False,90,68,-100,歩5f,-300,歩5f
銀,5d,成桂,6d,龍,True,True,False,90,58,-100,歩5f,-300,歩5f
銀,5d,成銀,6d,歩,True,False,False,90,70,100,歩5f,100,歩5f
銀,5d,成銀,6d,香,True,False,False,90,60,100,歩5f,100,歩5f
銀,5d,成銀,6d,桂,True,False,False,90,59,100,香5g,100,香5g
銀,5d,成銀,6d,銀,True,True,False,90,68,0,歩5f,-200,歩5f
銀,5d,成銀,6d,金,True,True,False,90,68,100,歩5f,-100,歩5f
銀,5d,成銀,6d,角,True,True,False,90,68,100,歩5f,-100,歩5f
銀,5d,成銀,6d,飛,True,False,False,90,60,100,歩5f,100,歩5f
銀,5d,成銀,6d,と,True,True,False,90,68,-300,歩5f,-500,歩5f
銀,5d,成銀,6d,成香,True,True,False,90,68,-100,歩5f,-300,歩5f
銀,5d,成銀,6d,成桂,True,True,False,90,68,-100,歩5f,-300,歩5f
銀,5d,成銀,6d,成銀,True,True,False,90,68,100,歩5f,-100,歩5f
銀,5d,成銀,6d,馬,True,True,False,90,68,100,歩5f,-100,歩5f
銀,5d,成銀,6d,龍,True,True,False,90,58,100,歩5f,-100,歩5f
銀,5d,馬,6d,歩,True,False,False,90,70,800,歩5f,800,歩5f
銀,5d,馬,6d,香,True,False,False,90,60,800,歩5f,800,歩5f
銀,5d,馬,6d,桂,True,False,False,90,59,800,香5g,800,香5g
銀,5d,馬,6d,銀,True,True,False,90,68,0,歩5f,-200,歩5f
銀,5d,馬,6d,金,True,True,False,90,68,200,歩5f,0,歩5f
銀,5d,馬,6d,角,True,True,False,90,68,600,歩5f,400,歩5f
銀,5d,馬,6d,飛,True,False,False,90,60,800,歩5f,800,歩5f
銀,5d,馬,6d,と,True,True,False,90,68,-300,歩5f,-500,歩5f
銀,5d,馬,6d,成香,True,True,False,90,68,-100,歩5f,-300,歩5f
銀,5d,馬,6d,成桂,True,True,False,90,68,-100,歩5f,-300,歩5f
銀,5d,馬,6d,成銀,True,True,False,90,68,100,歩5f,-100,歩5f
銀,5d,馬,6d,馬,True,True,False,90,68,800,歩5f,600,歩5f
銀,5d,馬,6d,龍,True,True,False,90,58,800,歩5f,600,歩5f
銀,5d,龍,6d,歩,True,False,False,90,70,1200,歩5f,1200,歩5f
銀,5d,龍,6d,香,True,False,False,90,60,1200,歩5f,1200,歩5f
銀,5d,龍,6d,桂,True,False,False,90,59,1200,香5g,1200,香5g
銀,5d,龍,6d,銀,True,True,False,90,68,0,歩5f,-200,歩5f
銀,5d,龍,6d,金,True,True,False,90,68,200,歩5f,0,歩5f
銀,5d,龍,6d,角,True,True,False,90,68,600,歩5f,400,歩5f
銀,5d,龍,6d,飛,True,False,False,90,60,1200,歩5f,1200,歩5f
銀,5d,龍,6d,と,True,True,False,90,68,-300,歩5f,-500,歩5f
銀,5d,龍,6d,成香,True,True,False,90,68,-100,歩5f,-300,歩5f
銀,5d,龍,6d,成桂,True,True,False,90,68,-100,歩5f,-300,歩5f
銀,5d,龍,6d,成銀,True,True,False,90,68,100,歩5f,-100,歩5f
銀,5d,龍,6d,馬,True,True,False,90,68,800,歩5f,600,歩5f
銀,5d,龍,6d,龍,True,True,False,90,58,1200,歩5f,1000,歩5f
銀,5d,歩,4f,歩,True,False,False,85,84,-800,歩5f,-800,歩5f
銀,5d,歩,4f,香,True,False,False,85,84,-800,歩5f,-800,歩5f
銀,5d,歩,4f,桂,True,False,False,85,82,-800,歩5f,-800,歩5f
銀,5d,歩,4f,銀,True,True,False,85,79,-800,歩5f,-1000,歩5f
銀,5d,歩,4f,金,True,False,False,85,62,-800,香5h,-800,香5h
銀,5d,歩,4f,角,True,True,False,85,80,-800,歩5f,-1000,歩5f
銀,5d,歩,4f,飛,True,False,False,85,52,-800,香5g,-800,香5g
銀,5d,歩,4f,と,True,False,False,85,62,-800,香5h,-800,香5h
銀,5d,歩,4f,成香,True,False,False,85,62,-800,香5h,-800,香5h
銀,5d,歩,4f,成桂,True,False,False,85,62,-800,香5h,-800,香5h
銀,5d,歩,4f,成銀,True,False,False,85,62,-800,香5h,-800,香5h
銀,5d,歩,4f,馬,True,True,False,85,60,-800,香5h,-1400,香5h
銀,5d,歩,4f,龍,True,True,False,85,47,-800,香5h,-1400,香5h
銀,5d,香,4f,歩,True,False,False,85,84,-400,歩5f,-400,歩5f
銀,5d,香,4f,香,True,False,False,85,84,-400,歩5f,-400,歩5f
銀,5d,香,4f,桂,True,False,False,85,82,-400,歩5f,-400,歩5f
銀,5d,香,4f,銀,True,True,False,85,79,-400,歩5f,-600,歩5f
銀,5d,香,4f,金,True,False,False,85,62,-400,香5h,-400,香5h
銀,5d,香,4f,角,True,True,False,85,80,-400,歩5f,-600,歩5f
銀,5d,香,4f,飛,True,False,False,85,52,-400,香5g,-400,香5g
銀,5d,香,4f,と,True,False,False,85,62,-400,香5h,-400,香5h
銀,5d,香,4f,成香,True,False,False,85,62,-400,香5h,-400,香5h
銀,5d,香,4f,成桂,True,False,False,85,62,-400,香5h,-400,香5h
銀,5d,香,4f,成銀,True,False,False,85,62,-400,香5h,-400,香5h
銀,5d,香,4f,馬,True,True,False,85,60,-400,香5h,-1000,香5h
銀,5d,香,4f,龍,True,True,False,85,47,-400,香5h,-1000,香5h
銀,5d,桂,4f,歩,False,False,True,85,75,0,歩5f,0,歩5f
銀,5d,桂,4f,香,False,False,True,85,75,0,歩5f,0,歩5f
銀,5d,桂,4f,桂,False,False,True,85,73,0,歩5f,0,歩5f
銀,5d,桂,4f,銀,False,True,False,85,70,0,歩5f,0,歩5f
銀,5d,桂,4f,金,False,False,True,85,53,0,香5h,0,香5h
銀,5d,桂,4f,角,False,True,False,85,71,600,歩5f,600,歩5f
銀,5d,桂,4f,飛,False,False,True,85,52,0,香5g,0,香5g
銀,5d,桂,4f,と,False,False,True,85,53,0,香5h,0,香5h
銀,5d,桂,4f,成香,False,False,True,85,53,0,香5h,0,香5h
銀,5d,桂,4f,成桂,False,False,True,85,53,0,香5h,0,香5h
銀,5d,桂,4f,成銀,False,False,True,85,53,0,香5h,0,香5h
銀,5d,桂,4f,馬,False,True,False,85,51,800,香5h,800,香5h
銀,5d,桂,4f,龍,False,True,False,85,47,1200,香5h,1200,香5h
銀,5d,銀,4f,歩,True,False,False,85,68,0,歩5f,0,歩5f
銀,5d,銀,4f,香,True,False,False,85,68,0,歩5f,0,歩5f
銀,5d,銀,4f,桂,True,False,False,85,66,0,歩5f,0,歩5f
銀,5d,銀,4f,銀,True,True,False,85,63,0,歩5f,-200,歩5f
銀,5d,銀,4f,金,True,False,False,85,54,0,香5h,0,香5h
銀,5d,銀,4f,角,True,True,False,85,64,0,歩5f,-200,歩5f
銀,5d,銀,4f,飛,True,False,False,85,44,0,香5g,0,香5g
銀,5d,銀,4f,と,True,False,False,85,54,0,香5h,0,香5h
銀,5d,銀,4f,成香,True,False,False,85,54,0,香5h,0,香5h
銀,5d,銀,4f,成桂,True,False,False,85,54,0,香5h,0,香5h
銀,5d,銀,4f,成銀,True,False,False,85,54,0,香5h,0,香5h
銀,5d,銀,4f,馬,True,True,False,85,52,0,香5h,-600,香5h
銀,5d,銀,4f,龍,True,True,False,85,39,0,香5h,-600,香5h
銀,5d,金,4f,歩,True,False,False,85,60,200,歩5f,200,歩5f
銀,5d,金,4f,香,True,False,False,85,60,200,歩5f,200,歩5f
銀,5d,金,4f,桂,True,False,False,85,58,200,歩5f,200,歩5f
銀,5d,金,4f,銀,True,True,False,85,55,0,歩5f,-200,歩5f
銀,5d,金,4f,金,True,False,False,85,46,200,香5h,200,香5h
銀,5d,金,4f,角,True,True,False,85,56,200,歩5f,0,歩5f
銀,5d,金,4f,飛,True,False,False,85,40,200,香5g,200,香5g
銀,5d,金,4f,と,True,False,False,85,46,200,香5h,200,香5h
銀,5d,金,4f,成香,True,False,False,85,46,200,香5h,200,香5h
銀,5d,金,4f,成桂,True,False,False,85,46,200,香5h,200,香5h
銀,5d,金,4f,成銀,True,False,False,85,46,200,香5h,200,香5h
銀,5d,金,4f,馬,True,True,False,85,44,200,香5h,-400,香5h
銀,5d,金,4f,龍,True,True,False,85,35,200,香5h,-400,香5h
銀,5d,角,4f,歩,False,False,True,85,68,0,歩5f,0,歩5f
銀,5d,角,4f,香,False,False,True,85,68,0,歩5f,0,歩5f
銀,5d,角,4f,桂,False,False,True,85,66,0,歩5f,0,歩5f
銀,5d,角,4f,銀,False,True,False,85,63,0,歩5f,0,歩5f
銀,5d,角,4f,金,False,False,True,85,54,0,香5h,0,香5h
銀,5d,角,4f,角,False,True,False,85,64,600,歩5f,600,歩5f
銀,5d,角,4f,飛,False,False,True,85,44,0,香5g,0,香5g
銀,5d,角,4f,と,False,False,True,85,54,0,香5h,0,香5h
銀,5d,角,4f,成香,False,False,True,85,54,0,香5h,0,香5h
銀,5d,角,4f,成桂,False,False,True,85,54,0,香5h,0,香5h
銀,5d,角,4f,成銀,False,False,True,85,54,0,香5h,0,香5h
銀,5d,角,4f,馬,False,True,False,85,52,800,香5h,800,香5h
銀,5d,角,4f,龍,False,True,False,85,39,1200,香5h,1200,香5h
銀,5d,飛,4f,歩,True,False,False,85,76,1000,歩5f,1000,歩5f
銀,5d,飛,4f,香,True,False,False,85,76,1000,歩5f,1000,歩5f
銀,5d,飛,4f,桂,True,False,False,85,74,1000,歩5f,1000,歩5f
銀,5d,飛,4f,銀,True,True,False,85,71,0,歩5f,-200,歩5f
銀,5d,飛,4f,金,True,False,False,85,54,1000,香5h,1000,香5h
銀,5d,飛,4f,角,True,True,False,85,72,600,歩5f,400,歩5f
銀,5d,飛,4f,飛,True,False,False,85,48,1000,香5g,1000,香5g
銀,5d,飛,4f,と,True,False,False,85,54,1000,香5h,1000,香5h
銀,5d,飛,4f,成香,True,False,False,85,54,1000,香5h,1000,香5h
銀,5d,飛,4f,成桂,True,False,False,85,54,1000,香5h,1000,香5h
銀,5d,飛,4f,成銀,True,False,False,85,54,1000,香5h,1000,香5h
銀,5d,飛,4f,馬,True,True,False,85,52,800,香5h,200,香5h
銀,5d,飛,4f,龍,True,True,False,85,43,1000,香5h,400,香5h
銀,5d,と,4f,歩,True,False,False,85,60,-300,歩5f,-300,歩5f
銀,5d,と,4f,香,True,False,False,85,60,-300,歩5f,-300,歩5f
銀,5d,と,4f,桂,True,False,False,85,58,-300,歩5f,-300,歩5f
銀,5d,と,4f,銀,True,True,False,85,55,-300,歩5f,-500,歩5f
銀,5d,と,4f,金,True,False,False,85,46,-300,香5h,-300,香5h
銀,5d,と,4f,角,True,True,False,85,56,-300,歩5f,-500,歩5f
銀,5d,と,4f,飛,True,False,False,85,40,-300,香5g,-300,香5g
銀,5d,と,4f,と,True,False,False,85,46,-300,香5h,-300,香5h
銀,5d,と,4f,成香,True,False,False,85,46,-300,香5h,-300,香5h
銀,5d,と,4f,成桂,True,False,False,85,46,-300,香5h,-300,香5h
銀,5d,と,4f,成銀,True,False,False,85,46,-300,香5h,-300,香5h
銀,5d,と,4f,馬,True,True,False,85,44,-300,香5h,-900,香5h
銀,5d,と,4f,龍,True,True,False,85,35,-300,香5h,-900,香5h
銀,5d,成香,4f,歩,True,False,False,85,60,-100,歩5f,-100,歩5f
銀,5d,成香,4f,香,True,False,False,85,60,-100,歩5f,-100,歩5f
銀,5d,成香,4f,桂,True,False,False,85,58,-100,歩5f,-100,歩5f
銀,5d,成香,4f,銀,True,True,False,85,55,-100,歩5f,-300,歩5f
銀,5d,成香,4f,金,True,False,False,85,46,-100,香5h,-100,香5h
銀,5d,成香,4f,角,True,True,False,85,56,-100,歩5f,-300,歩5f
銀,5d,成香,4f,飛,True,False,False,85,40,-100,香5g,-100,香5g
銀,5d,成香,4f,と,True,False,False,85,46,-100,香5h,-100,香5h
銀,5d,成香,4f,成香,True,False,False,85,46,-100,香5h,-100,香5h
銀,5d,成香,4f,成桂,True,False,False,85,46,-100,香5h,-100,香5h
銀,5d,成香,4f,成銀,True,False,False,85,46,-100,香5h,-100,香5h
銀,5d,成香,4f,馬,True,True,False,85,44,-100,香5h,-700,香5h
銀,5d,成香,4f,龍,True,True,False,85,35,-100,香5h,-700,香5h
銀,5d,成桂,4f,歩,True,False,False,85,60,-100,歩5f,-100,歩5f
銀,5d,成桂,4f,香,True,False,False,85,60,-100,歩5f,-100,歩5f
銀,5d,成桂,4f,桂,True,False,False,85,58,-100,歩5f,-100,歩5f
銀,5d,成桂,4f,銀,True,True,False,85,55,-100,歩5f,-300,歩5f
銀,5d,成桂,4f,金,True,False,False,85,46,-100,香5h,-100,香5h
銀,5d,成桂,4f,角,True,True,False,85,56,-100,歩5f,-300,歩5f
銀,5d,成桂,4f,飛,True,False,False,85,40,-100,香5g,-100,香5g
銀,5d,成桂,4f,と,True,False,False,85,46,-100,香5h,-100,香5h
銀,5d,成桂,4f,成香,True,False,False,85,46,-100,香5h,-100,香5h
銀,5d,成桂,4f,成桂,True,False,False,85,46,-100,香5h,-100,香5h
銀,5d,成桂,4f,成銀,True,False,False,85,46,-100,香5h,-100,香5h
銀,5d,成桂,4f,馬,True,True,False,85,44,-100,香5h,-700,香5h
銀,5d,成桂,4f,龍,True,True,False,85,35,-100,香5h,-700,香5h
銀,5d,成銀,4f,歩,True,False,False,85,60,100,歩5f,100,歩5f
銀,5d,成銀,4f,香,True,False,False,85,60,100,歩5f,100,歩5f
銀,5d,成銀,4f,桂,True,False,False,85,58,100,歩5f,100,歩5f
銀,5d,成銀,4f,銀,True,True,False,85,55,0,歩5f,-200,歩5f
銀,5d,成銀,4f,金,True,False,False,85,46,100,香5h,100,香5h
銀,5d,成銀,4f,角,True,True,False,85,56,100,歩5f,-100,歩5f
銀,5d,成銀,4f,飛,True,False,False,85,40,100,香5g,100,香5g
銀,5d,成銀,4f,と,True,False,False,85,46,100,香5h,100,香5h
銀,5d,成銀,4f,成香,True,False,False,85,46,100,香5h,100,香5h
銀,5d,成銀,4f,成桂,True,False,False,85,46,100,香5h,100,香5h
銀,5d,成銀,4f,成銀,True,False,False,85,46,100,香5h,100,香5h
銀,5d,成銀,4f,馬,True,True,False,85,44,100,香5h,-500,香5h
銀,5d,成銀,4f,龍,True,True,False,85,35,100,香5h,-500,香5h
銀,5d,馬,4f,歩,True,False,False,85,60,800,歩5f,800,歩5f
銀,5d,馬,4f,香,True,False,False,85,60,800,歩5f,800,歩5f
銀,5d,馬,4f,桂,True,False,False,85,58,800,歩5f,800,歩5f
銀,5d,馬,4f,銀,True,True,False,85,55,0,歩5f,-200,歩5f
銀,5d,馬,4f,金,True,False,False,85,46,800,香5h,800,香5h
銀,5d,馬,4f,角,True,True,False,85,56,600,歩5f,400,歩5f
銀,5d,馬,4f,飛,True,False,False,85,40,800,香5g,800,香5g
銀,5d,馬,4f,と,True,False,False,85,46,800,香5h,800,香5h
銀,5d,馬,4f,成香,True,False,False,85,46,800,香5h,800,香5h
銀,5d,馬,4f,成桂,True,False,False,85,46,800,香5h,800,香5h
銀,5d,馬,4f,成銀,True,False,False,85,46,800,香5h,800,香5h
銀,5d,馬,4f,馬,True,True,False,85,44,800,香5h,200,香5h
銀,5d,馬,4f,龍,True,True,False,85,35,800,香5h,200,香5h
銀,5d,龍,4f,歩,True,False,False,85,60,1200,歩5f,1200,歩5f
銀,5d,龍,4f,香,True,False,False,85,60,1200,歩5f,1200,歩5f
銀,5d,龍,4f,桂,True,False,False,85,58,1200,歩5f,1200,歩5f
銀,5d,龍,4f,銀,True,True,False,85,55,0,歩5f,-200,歩5f
銀,5d,龍,4f,金,True,False,False,85,46,1200,香5h,1200,香5h
銀,5d,龍,4f,角,True,True,False,85,56,600,歩5f,400,歩5f
銀,5d,龍,4f,飛,True,False,False,85,40,1200,香5g,1200,香5g
銀,5d,龍,4f,と,True,False,False,85,46,1200,香5h,1200,香5h
銀,5d,龍,4f,成香,True,False,False,85,46,1200,香5h,1200,香5h
銀,5d,龍,4f,成桂,True,False,False,85,46,1200,香5h,1200,香5h
銀,5d,龍,4f,成銀,True,False,False,85,46,1200,香5h,1200,香5h
銀,5d,龍,4f,馬,True,True,False,85,44,800,香5h,200,香5h
銀,5d,龍,4f,龍,True,True,False,85,35,1200,香5h,600,香5h
銀,5d,歩,6f,歩,True,False,False,85,84,-800,歩5f,-800,歩5f
銀,5d,歩,6f,香,True,False,False,85,84,-800,歩5f,-800,歩5f
銀,5d,歩,6f,桂,True,False,False,85,82,-800,歩5f,-800,歩5f
銀,5d,歩,6f,銀,True,True,False,85,79,-800,歩5f,-1000,歩5f
銀,5d,歩,6f,金,True,False,False,85,62,-800,香5h,-800,香5h
銀,5d,歩,6f,角,True,True,False,85,80,-800,歩5f,-1000,歩5f
銀,5d,歩,6f,飛,True,False,False,85,52,-800,香5g,-800,香5g
銀,5d,歩,6f,と,True,False,False,85,62,-800,香5h,-800,香5h
銀,5d,歩,6f,成香,True,False,False,85,62,-800,香5h,-800,香5h
銀,5d,歩,6f,成桂,True,False,False,85,62,-800,香5h,-800,香5h
銀,5d,歩,6f,成銀,True,False,False,85,62,-800,香5h,-800,香5h
銀,5d,歩,6f,馬,True,True,False,85,60,-800,香5h,-1400,香5h
銀,5d,歩,6f,龍,True,True,False,85,47,-800,香5h,-1400,香5h
銀,5d,香,6f,歩,True,False,False,85,84,-400,歩5f,-400,歩5f
銀,5d,香,6f,香,True,False,False,85,84,-400,歩5f,-400,歩5f
銀,5d,香,6f,桂,True,False,False,85,82,-400,歩5f,-400,歩5f
銀,5d,香,6f,銀,True,True,False,85,79,-400,歩5f,-600,歩5f
銀,5d,香,6f,金,True,False,False,85,62,-400,香5h,-400,香5h
銀,5d,香,6f,角,True,True,False,85,80,-400,歩5f,-600,歩5f
銀,5d,香,6f,飛,True,False,False,85,52,-400,香5g,-400,香5g
銀,5d,香,6f,と,True,False,False,85,62,-400,香5h,-400,香5h
銀,5d,香,6f,成香,True,False,False,85,62,-400,香5h,-400,香5h
銀,5d,香,6f,成桂,True,False,False,85,62,-400,香5h,-400,香5h
銀,5d,香,6f,成銀,True,False,False,85,62,-400,香5h,-400,香5h
銀,5d,香,6f,馬,True,True,False,85,60,-400,香5h,-1000,香5h
銀,5d,香,6f,龍,True,True,False,85,47,-400,香5h,-1000,香5h
銀,5d,桂,6f,歩,False,False,True,85,75,0,歩5f,0,歩5f
銀,5d,桂,6f,香,False,False,True,85,75,0,歩5f,0,歩5f
銀,5d,桂,6f,桂,False,False,True,85,73,0,歩5f,0,歩5f
銀,5d,桂,6f,銀,False,True,False,85,70,0,歩5f,0,歩5f
銀,5d,桂,6f,金,False,False,True,85,53,0,香5h,0,香5h
銀,5d,桂,6f,角,False,True,False,85,71,600,歩5f,600,歩5f
銀,5d,桂,6f,飛,False,False,True,85,52,0,香5g,0,香5g
銀,5d,桂,6f,と,False,False,True,85,53,0,香5h,0,香5h
銀,5d,桂,6f,成香,False,False,True,85,53,0,香5h,0,香5h
銀,5d,桂,6f,成桂,False,False,True,85,53,0,香5h,0,香5h
銀,5d,桂,6f,成銀,False,False,True,85,53,0,香5h,0,香5h
銀,5d,桂,6f,馬,False,True,False,85,51,800,香5h,800,香5h
銀,5d,桂,6f,龍,False,True,False,85,47,1200,香5h,1200,香5h
銀,5d,銀,6f,歩,True,False,False,85,68,0,歩5f,0,歩5f
銀,5d,銀,6f,香,True,False,False,85,68,0,歩5f,0,歩5f
銀,5d,銀,6f,桂,True,False,False,85,66,0,歩5f,0,歩5f
銀,5d,銀,6f,銀,True,True,False,85,63,0,歩5f,-200,歩5f
銀,5d,銀,6f,金,True,False,False,85,54,0,香5h,0,香5h
銀,5d,銀,6f,角,True,True,False,85,64,0,歩5f,-200,歩5f
銀,5d,銀,6f,飛,True,False,False,85,44,0,香5g,0,香5g
銀,5d,銀,6f,と,True,False,False,85,54,0,香5h,0,香5h
銀,5d,銀,6f,成香,True,False,False,85,54,0,香5h,0,香5h
銀,5d,銀,6f,成桂,True,False,False,85,54,0,香5h,0,香5h
銀,5d,銀,6f,成銀,True,False,False,85,54,0,香5h,0,香5h
銀,5d,銀,6f,馬,True,True,False,85,52,0,香5h,-600,香5h
銀,5d,銀,6f,龍,True,True,False,85,39,0,香5h,-600,香5h
銀,5d,金,6f,歩,True,False,False,85,60,200,歩5f,200,歩5f
銀,5d,金,6f,香,True,False,False,85,60,200,歩5f,200,歩5f
銀,5d,金,6f,桂,True,False,False,85,58,200,歩5f,200,歩5f
銀,5d,金,6f,銀,True,True,False,85,55,0,歩5f,-200,歩5f
銀,5d,金,6f,金,True,False,False,85,46,200,香5h,200,香5h
銀,5d,金,6f,角,True,True,False,85,56,200,歩5f,0,歩5f
銀,5d,金,6f,飛,True,False,False,85,40,200,香5g,200,香5g
銀,5d,金,6f,と,True,False,False,85,46,200,香5h,200,香5h
銀,5d,金,6f,成香,True,False,False,85,46,200,香5h,200,香5h
銀,5d,金,6f,成桂,True,False,False,85,46,200,香5h,200,香5h
銀,5d,金,6f,成銀,True,False,False,85,46,200,香5h,200,香5h
銀,5d,金,6f,馬,True,True,False,85,44,200,香5h,-400,香5h
銀,5d,金,6f,龍,True,True,False,85,35,200,香5h,-400,香5h
銀,5d,角,6f,歩,False,False,True,85,68,0,歩5f,0,歩5f
銀,5d,角,6f,香,False,False,True,85,68,0,歩5f,0,歩5f
銀,5d,角,6f,桂,False,False,True,85,66,0,歩5f,0,歩5f
銀,5d,角,6f,銀,False,True,False,85,63,0,歩5f,0,歩5f
銀,5d,角,6f,金,False,False,True,85,54,0,香5h,0,香5h
銀,5d,角,6f,角,False,True,False,85,64,600,歩5f,600,歩5f
銀,5d,角,6f,飛,False,False,True,85,44,0,香5g,0,香5g
銀,5d,角,6f,と,False,False,True,85,54,0,香5h,0,香5h
銀,5d,角,6f,成香,False,False,True,85,54,0,香5h,0,香5h
銀,5d,角,6f,成桂,False,False,True,85,54,0,香5h,0,香5h
銀,5d,角,6f,成銀,False,False,True,85,54,0,香5h,0,香5h
銀,5d,角,6f,馬,False,True,False,85,52,800,香5h,800,香5h
銀,5d,角,6f,龍,False,True,False,85,39,1200,香5h,1200,香5h
銀,5d,飛,6f,歩,True,False,False,85,76,1000,歩5f,1000,歩5f
銀,5d,飛,6f,香,True,False,False,85,76,1000,歩5f,1000,歩5f
銀,5d,飛,6f,桂,True,False,False,85,74,1000,歩5f,1000,歩5f
銀,5d,飛,6f,銀,True,True,False,85,71,0,歩5f,-200,歩5f
銀,5d,飛,6f,金,True,False,False,85,54,1000,香5h,1000,香5h
銀,5d,飛,6f,角,True,True,False,85,72,600,歩5f,400,歩5f
銀,5d,飛,6f,飛,True,False,False,85,48,1000,香5g,1000,香5g
銀,5d,飛,6f,と,True,False,False,85,54,1000,香5h,1000,香5h
銀,5d,飛,6f,成香,True,False,False,85,54,1000,香5h,1000,香5h
銀,5d,飛,6f,成桂,True,False,False,85,54,1000,香5h,1000,香5h
銀,5d,飛,6f,成銀,True,False,False,85,54,1000,香5h,1000,香5h
銀,5d,飛,6f,馬,True,True,False,85,52,800,香5h,200,香5h
銀,5d,飛,6f,龍,True,True,False,85,43,1000,香5h,400,香5h
銀,5d,と,6f,歩,True,False,False,85,60,-300,歩5f,-300,歩5f
銀,5d,と,6f,香,True,False,False,85,60,-300,歩5f,-300,歩5f
銀,5d,と,6f,桂,True,False,False,85,58,-300,歩5f,-300,歩5f
銀,5d,と,6f,銀,True,True,False,85,55,-300,歩5f,-500,歩5f
銀,5d,と,6f,金,True,False,False,85,46,-300,香5h,-300,香5h
銀,5d,と,6f,角,True,True,False,85,56,-300,歩5f,-500,歩5f
銀,5d,と,6f,飛,True,False,False,85,40,-300,香5g,-300,香5g
銀,5d,と,6f,と,True,False,False,85,46,-300,香5h,-300,香5h
銀,5d,と,6f,成香,True,False,False,85,46,-300,香5h,-300,香5h
銀,5d,と,6f,成桂,True,False,False,85,46,-300,香5h,-300,香5h
銀,5d,と,6f,成銀,True,False,False,85,46,-300,香5h,-300,香5h
銀,5d,と,6f,馬,True,True,False,85,44,-300,香5h,-900,香5h
銀,5d,と,6f,龍,True,True,False,85,35,-300,香5h,-900,香5h
銀,5d,成香,6f,歩,True,False,False,85,60,-100,歩5f,-100,歩5f
銀,5d,成香,6f,香,True,False,False,85,60,-100,歩5f,-100,歩5f
銀,5d,成香,6f,桂,True,False,False,85,58,-100,歩5f,-100,歩5f
銀,5d,成香,6f,銀,True,True,False,85,55,-100,歩5f,-300,歩5f
銀,5d,成香,6f,金,True,False,False,85,46,-100,香5h,-100,香5h
銀,5d,成香,6f,角,True,True,False,85,56,-100,歩5f,-300,歩5f
銀,5d,成香,6f,飛,True,False,False,85,40,-100,香5g,-100,香5g
銀,5d,成香,6f,と,True,False,False,85,46,-100,香5h,-100,香5h
銀,5d,成香,6f,成香,True,False,False,85,46,-100,香5h,-100,香5h
銀,5d,成香,6f,成桂,True,False,False,85,46,-100,香5h,-100,香5h
銀,5d,成香,6f,成銀,True,False,False,85,46,-100,香5h,-100,香5h
銀,5d,成香,6f,馬,True,True,False,85,44,-100,香5h,-700,香5h
銀,5d,成香,6f,龍,True,True,False,85,35,-100,香5h,-700,香5h
銀,5d,成桂,6f,歩,True,False,False,85,60,-100,歩5f,-100,歩5f
銀,5d,成桂,6f,香,True,False,False,85,60,-100,歩5f,-100,歩5f
銀,5d,成桂,6f,桂,True,False,False,85,58,-100,歩5f,-100,歩5f
銀,5d,成桂,6f,銀,True,True,False,85,55,-100,歩5f,-300,歩5f
銀,5d,成桂,6f,金,True,False,False,85,46,-100,香5h,-100,香5h
銀,5d,成桂,6f,角,True,True,False,85,56,-100,歩5f,-300,歩5f
銀,5d,成桂,6f,飛,True,False,False,85,40,-100,香5g,-100,香5g
銀,5d,成桂,6f,と,True,False,False,85,46,-100,香5h,-100,香5h
銀,5d,成桂,6f,成香,True,False,False,85,46,-100,香5h,-100,香5h
銀,5d,成桂,6f,成桂,True,False,False,85,46,-100,香5h,-100,香5h
銀,5d,成桂,6f,成銀,True,False,False,85,46,-100,香5h,-100,香5h
銀,5d,成桂,6f,馬,True,True,False,85,44,-100,香5h,-700,香5h
銀,5d,成桂,6f,龍,True,True,False,85,35,-100,香5h,-700,香5h
銀,5d,成銀,6f,歩,True,False,False,85,60,100,歩5f,100,歩5f
銀,5d,成銀,6f,香,True,False,False,85,60,100,歩5f,100,歩5f
銀,5d,成銀,6f,桂,True,False,False,85,58,100,歩5f,100,歩5f
銀,5d,成銀,6f,銀,True,True,False,85,55,0,歩5f,-200,歩5f
銀,5d,成銀,6f,金,True,False,False,85,46,100,香5h,100,香5h
銀,5d,成銀,6f,角,True,True,False,85,56,100,歩5f,-100,歩5f
銀,5d,成銀,6f,飛,True,False,False,85,40,100,香5g,100,香5g
銀,5d,成銀,6f,と,True,False,False,85,46,100,香5h,100,香5h
銀,5d,成銀,6f,成香,True,False,False,85,46,100,香5h,100,香5h
銀,5d,成銀,6f,成桂,True,False,False,85,46,100,香5h,100,香5h
銀,5d,成銀,6f,成銀,True,False,False,85,46,100,香5h,100,香5h
銀,5d,成銀,6f,馬,True,True,False,85,44,100,香5h,-500,香5h
銀,5d,成銀,6f,龍,True,True,False,85,35,100,香5h,-500,香5h
銀,5d,馬,6f,歩,True,False,False,85,60,800,歩5f,800,歩5f
銀,5d,馬,6f,香,True,False,False,85,60,800,歩5f,800,歩5f
銀,5d,馬,6f,桂,True,False,False,85,58,800,歩5f,800,歩5f
銀,5d,馬,6f,銀,True,True,False,85,55,0,歩5f,-200,歩5f
銀,5d,馬,6f,金,True,False,False,85,46,800,香5h,800,香5h
銀,5d,馬,6f,角,True,True,False,85,56,600,歩5f,400,歩5f
銀,5d,馬,6f,飛,True,False,False,85,40,800,香5g,800,香5g
銀,5d,馬,6f,と,True,False,False,85,46,800,香5h,800,香5h
銀,5d,馬,6f,成香,True,False,False,85,46,800,香5h,800,香5h
銀,5d,馬,6f,成桂,True,False,False,85,46,800,香5h,800,香5h
銀,5d,馬,6f,成銀,True,False,False,85,46,800,香5h,800,香5h
銀,5d,馬,6f,馬,True,True,False,85,44,800,香5h,200,香5h
銀,5d,馬,6f,龍,True,True,False,85,35,800,香5h,200,香5h
銀,5d,龍,6f,歩,True,False,False,85,60,1200,歩5f,1200,歩5f
銀,5d,龍,6f,香,True,False,False,85,60,1200,歩5f,1200,歩5f
銀,5d,龍,6f,桂,True,False,False,85,58,1200,歩5f,1200,歩5f
銀,5d,龍,6f,銀,True,True,False,85,55,0,歩5f,-200,歩5f
銀,5d,龍,6f,金,True,False,False,85,46,1200,香5h,1200,香5h
銀,5d,龍,6f,角,True,True,False,85,56,600,歩5f,400,歩5f
銀,5d,龍,6f,飛,True,False,False,85,40,1200,香5g,1200,香5g
銀,5d,龍,6f,と,True,False,False,85,46,1200,香5h,1200,香5h
銀,5d,龍,6f,成香,True,False,False,85,46,1200,香5h,1200,香5h
銀,5d,龍,6f,成桂,True,False,False,85,46,1200,香5h,1200,香5h
銀,5d,龍,6f,成銀,True,False,False,85,46,1200,香5h,1200,香5h
銀,5d,龍,6f,馬,True,True,False,85,44,800,香5h,200,香5h
銀,5d,龍,6f,龍,True,True,False,85,35,1200,香5h,600,香5h
銀,6d,歩,4f,歩,False,False,True,89,80,0,歩5f,0,歩5f
銀,6d,歩,4f,香,False,False,True,89,80,0,歩5f,0,歩5f
銀,6d,歩,4f,桂,False,False,True,89,78,0,歩5f,0,歩5f
銀,6d,歩,4f,銀,False,True,False,89,75,0,歩5f,0,歩5f
銀,6d,歩,4f,金,False,False,True,89,58,0,香5h,0,香5h
銀,6d,歩,4f,角,False,True,False,89,76,600,歩5f,600,歩5f
銀,6d,歩,4f,飛,False,False,True,89,48,0,香5g,0,香5g
銀,6d,歩,4f,と,False,False,True,89,58,0,香5h,0,香5h
銀,6d,歩,4f,成香,False,False,True,89,58,0,香5h,0,香5h
銀,6d,歩,4f,成桂,False,False,True,89,58,0,香5h,0,香5h
銀,6d,歩,4f,成銀,False,False,True,89,58,0,香5h,0,香5h
銀,6d,歩,4f,馬,False,True,False,89,56,800,香5h,800,香5h
銀,6d,歩,4f,龍,False,True,False,89,43,1200,香5h,1200,香5h
銀,6d,香,4f,歩,False,False,True,89,70,0,歩5f,0,歩5f
銀,6d,香,4f,香,False,False,True,89,70,0,歩5f,0,歩5f
銀,6d,香,4f,桂,False,False,True,89,68,0,歩5f,0,歩5f
銀,6d,香,4f,銀,False,True,False,89,65,0,歩5f,0,歩5f
銀,6d,香,4f,金,False,False,True,89,48,0,香5h,0,香5h
銀,6d,香,4f,角,False,True,False,89,66,600,歩5f,600,歩5f
銀,6d,香,4f,飛,False,False,True,89,47,0,香5g,0,香5g
銀,6d,香,4f,と,False,False,True,89,48,0,香5h,0,香5h
銀,6d,香,4f,成香,False,False,True,89,48,0,香5h,0,香5h
銀,6d,香,4f,成桂,False,False,True,89,48,0,香5h,0,香5h
銀,6d,香,4f,成銀,False,False,True,89,48,0,香5h,0,香5h
銀,6d,香,4f,馬,False,True,False,89,46,800,香5h,800,香5h
銀,6d,香,4f,龍,False,True,False,89,42,1200,香5h,1200,香5h
銀,6d,桂,4f,歩,False,False,True,89,77,0,香5g,0,香5g
銀,6d,桂,4f,香,False,False,True,89,77,0,香5g,0,香5g
銀,6d,桂,4f,桂,False,False,True,89,75,0,香5g,0,香5g
銀,6d,桂,4f,銀,False,True,False,89,72,0,香5h,0,香5h
銀,6d,桂,4f,金,False,False,True,89,66,0,香5h,0,香5h
銀,6d,桂,4f,角,False,True,False,89,73,600,香5h,600,香5h
銀,6d,桂,4f,飛,False,False,True,89,56,0,香5g,0,香5g
銀,6d,桂,4f,と,False,False,True,89,66,0,香5h,0,香5h
銀,6d,桂,4f,成香,False,False,True,89,66,0,香5h,0,香5h
銀,6d,桂,4f,成桂,False,False,True,89,66,0,香5h,0,香5h
銀,6d,桂,4f,成銀,False,False,True,89,66,0,香5h,0,香5h
銀,6d,桂,4f,馬,False,True,False,89,64,800,香5h,800,香5h
銀,6d,桂,4f,龍,False,True,False,89,51,1200,香5h,1200,香5h
銀,6d,銀,4f,歩,True,False,False,89,76,0,歩5f,0,歩5f
銀,6d,銀,4f,香,True,False,False,89,76,0,歩5f,0,歩5f
銀,6d,銀,4f,桂,True,False,False,89,74,0,歩5f,0,歩5f
銀,6d,銀,4f,銀,True,True,False,89,71,0,歩5f,-200,歩5f
銀,6d,銀,4f,金,True,False,False,89,54,0,香5h,0,香5h
銀,6d,銀,4f,角,True,True,False,89,72,0,歩5f,-200,歩5f
銀,6d,銀,4f,飛,True,False,False,89,44,0,香5g,0,香5g
銀,6d,銀,4f,と,True,False,False,89,54,0,香5h,0,香5h
銀,6d,銀,4f,成香,True,False,False,89,54,0,香5h,0,香5h
銀,6d,銀,4f,成桂,True,False,False,89,54,0,香5h,0,香5h
銀,6d,銀,4f,成銀,True,False,False,89,54,0,香5h,0,香5h
銀,6d,銀,4f,馬,True,True,False,89,52,0,香5h,-600,香5h
銀,6d,銀,4f,龍,True,True,False,89,39,0,香5h,-600,香5h
銀,6d,金,4f,歩,True,False,False,89,70,200,歩5f,200,歩5f
銀,6d,金,4f,香,True,False,False,89,70,200,歩5f,200,歩5f
銀,6d,金,4f,桂,True,False,False,89,68,200,歩5f,200,歩5f
銀,6d,金,4f,銀,True,True,False,89,65,0,歩5f,-200,歩5f
銀,6d,金,4f,金,True,False,False,89,48,200,香5h,200,香5h
銀,6d,金,4f,角,True,True,False,89,66,200,歩5f,0,歩5f
銀,6d,金,4f,飛,True,False,False,89,38,200,香5g,200,香5g
銀,6d,金,4f,と,True,False,False,89,48,200,香5h,200,香5h
銀,6d,金,4f,成香,True,False,False,89,48,200,香5h,200,香5h
銀,6d,金,4f,成桂,True,False,False,89,48,200,香5h,200,香5h
銀,6d,金,4f,成銀,True,False,False,89,48,200,香5h,200,香5h
銀,6d,金,4f,馬,True,True,False,89,46,200,香5h,-400,香5h
銀,6d,金,4f,龍,True,True,False,89,33,200,香5h,-400,香5h
銀,6d,角,4f,歩,True,False,False,89,84,600,歩5f,600,歩5f
銀,6d,角,4f,香,True,False,False,89,84,600,歩5f,600,歩5f
銀,6d,角,4f,桂,True,False,False,89,82,600,歩5f,600,歩5f
銀,6d,角,4f,銀,True,True,False,89,79,0,歩5f,-200,歩5f
銀,6d,角,4f,金,True,False,False,89,62,600,香5h,600,香5h
銀,6d,角,4f,角,True,True,False,89,80,600,歩5f,400,歩5f
銀,6d,角,4f,飛,True,False,False,89,52,600,香5g,600,香5g
銀,6d,角,4f,と,True,False,False,89,62,600,香5h,600,香5h
銀,6d,角,4f,成香,True,False,False,89,62,600,香5h,600,香5h
銀,6d,角,4f,成桂,True,False,False,89,62,600,香5h,600,香5h
銀,6d,角,4f,成銀,True,False,False,89,62,600,香5h,600,香5h
銀,6d,角,4f,馬,True,True,False,89,60,600,香5h,0,香5h
銀,6d,角,4f,龍,True,True,False,89,47,600,香5h,0,香5h
銀,6d,飛,4f,歩,False,False,True,89,58,0,歩5f,0,歩5f
銀,6d,飛,4f,香,False,False,True,89,58,0,歩5f,0,歩5f
銀,6d,飛,4f,桂,False,False,True,89,56,0,歩5f,0,歩5f
銀,6d,飛,4f,銀,False,True,False,89,53,0,歩5f,0,歩5f
銀,6d,飛,4f,金,False,False,True,89,36,0,香5h,0,香5h
銀,6d,飛,4f,角,False,True,False,89,54,600,歩5f,600,歩5f
銀,6d,飛,4f,飛,False,False,True,89,39,0,香5g,0,香5g
銀,6d,飛,4f,と,False,False,True,89,36,0,香5h,0,香5h
銀,6d,飛,4f,成香,False,False,True,89,36,0,香5h,0,香5h
銀,6d,飛,4f,成桂,False,False,True,89,36,0,香5h,0,香5h
銀,6d,飛,4f,成銀,False,False,True,89,36,0,香5h,0,香5h
銀,6d,飛,4f,馬,False,True,False,89,34,800,香5h,800,香5h
銀,6d,飛,4f,龍,False,True,False,89,34,1200,香5h,1200,香5h
銀,6d,と,4f,歩,True,False,False,89,70,-300,歩5f,-300,歩5f
銀,6d,と,4f,香,True,False,False,89,70,-300,歩5f,-300,歩5f
銀,6d,と,4f,桂,True,False,False,89,68,-300,歩5f,-300,歩5f
銀,6d,と,4f,銀,True,True,False,89,65,-300,歩5f,-500,歩5f
銀,6d,と,4f,金,True,False,False,89,48,-300,香5h,-300,香5h
銀,6d,と,4f,角,True,True,False,89,66,-300,歩5f,-500,歩5f
銀,6d,と,4f,飛,True,False,False,89,38,-300,香5g,-300,香5g
銀,6d,と,4f,と,True,False,False,89,48,-300,香5h,-300,香5h
銀,6d,と,4f,成香,True,False,False,89,48,-300,香5h,-300,香5h
銀,6d,と,4f,成桂,True,False,False,89,48,-300,香5h,-300,香5h
銀,6d,と,4f,成銀,True,False,False,89,48,-300,香5h,-300,香5h
銀,6d,と,4f,馬,True,True,False,89,46,-300,香5h,-900,香5h
銀,6d,と,4f,龍,True,True,False,89,33,-300,香5h,-900,香5h
銀,6d,成香,4f,歩,True,False,False,89,70,-100,歩5f,-100,歩5f
銀,6d,成香,4f,香,True,False,False,89,70,-100,歩5f,-100,歩5f
銀,6d,成香,4f,桂,True,False,False,89,68,-100,歩5f,-100,歩5f
銀,6d,成香,4f,銀,True,True,False,89,65,-100,歩5f,-300,歩5f
銀,6d,成香,4f,金,True,False,False,89,48,-100,香5h,-100,香5h
銀,6d,成香,4f,角,True,True,False,89,66,-100,歩5f,-300,歩5f
銀,6d,成香,4f,飛,True,False,False,89,38,-100,香5g,-100,香5g
銀,6d,成香,4f,と,True,False,False,89,48,-100,香5h,-100,香5h
銀,6d,成香,4f,成香,True,False,False,89,48,-100,香5h,-100,香5h
銀,6d,成香,4f,成桂,True,False,False,89,48,-100,香5h,-100,香5h
銀,6d,成香,4f,成銀,True,False,False,89,48,-100,香5h,-100,香5h
銀,6d,成香,4f,馬,True,True,False,89,46,-100,香5h,-700,香5h
銀,6d,成香,4f,龍,True,True,False,89,33,-100,香5h,-700,香5h
銀,6d,成桂,4f,歩,True,False,False,89,70,-100,歩5f,-100,歩5f
銀,6d,成桂,4f,香,True,False,False,89,70,-100,歩5f,-100,歩5f
銀,6d,成桂,4f,桂,True,False,False,89,68,-100,歩5f,-100,歩5f
銀,6d,成桂,4f,銀,True,True,False,89,65,-100,歩5f,-300,歩5f
銀,6d,成桂,4f,金,True,False,False,89,48,-100,香5h,-100,香5h
銀,6d,成桂,4f,角,True,True,False,89,66,-100,歩5f,-300,歩5f
銀,6d,成桂,4f,飛,True,False,False,89,38,-100,香5g,-100,香5g
銀,6d,成桂,4f,と,True,False,False,89,48,-100,香5h,-100,香5h
銀,6d,成桂,4f,成香,True,False,False,89,48,-100,香5h,-100,香5h
銀,6d,成桂,4f,成桂,True,False,False,89,48,-100,香5h,-100,香5h
銀,6d,成桂,4f,成銀,True,False,False,89,48,-100,香5h,-100,香5h
銀,6d,成桂,4f,馬,True,True,False,89,46,-100,香5h,-700,香5h
銀,6d,成桂,4f,龍,True,True,False,89,33,-100,香5h,-700,香5h
銀,6d,成銀,4f,歩,True,False,False,89,70,100,歩5f,100,歩5f
銀,6d,成銀,4f,香,True,False,False,89,70,100,歩5f,100,歩5f
銀,6d,成銀,4f,桂,True,False,False,89,68,100,歩5f,100,歩5f
銀,6d,成銀,4f,銀,True,True,False,89,65,0,歩5f,-200,歩5f
銀,6d,成銀,4f,金,True,False,False,89,48,100,香5h,100,香5h
銀,6d,成銀,4f,角,True,True,False,89,66,100,歩5f,-100,歩5f
銀,6d,成銀,4f,飛,True,False,False,89,38,100,香5g,100,香5g
銀,6d,成銀,4f,と,True,False,False,89,48,100,香5h,100,香5h
銀,6d,成銀,4f,成香,True,False,False,89,48,100,香5h,100,香5h
銀,6d,成銀,4f,成桂,True,False,False,89,48,100,香5h,100,香5h
銀,6d,成銀,4f,成銀,True,False,False,89,48,100,香5h,100,香5h
銀,6d,成銀,4f,馬,True,True,False,89,46,100,香5h,-500,香5h
銀,6d,成銀,4f,龍,True,True,False,89,33,100,香5h,-500,香5h
銀,6d,馬,4f,歩,True,False,False,89,68,800,歩5f,800,歩5f
銀,6d,馬,4f,香,True,False,False,89,68,800,歩5f,800,歩5f
銀,6d,馬,4f,桂,True,False,False,89,66,800,歩5f,800,歩5f
銀,6d,馬,4f,銀,True,True,False,89,63,0,歩5f,-200,歩5f
銀,6d,馬,4f,金,True,False,False,89,46,800,香5h,800,香5h
銀,6d,馬,4f,角,True,True,False,89,64,600,歩5f,400,歩5f
銀,6d,馬,4f,飛,True,False,False,89,36,800,香5g,800,香5g
銀,6d,馬,4f,と,True,False,False,89,46,800,香5h,800,香5h
銀,6d,馬,4f,成香,True,False,False,89,46,800,香5h,800,香5h
銀,6d,馬,4f,成桂,True,False,False,89,46,800,香5h,800,香5h
銀,6d,馬,4f,成銀,True,False,False,89,46,800,香5h,800,香5h
銀,6d,馬,4f,馬,True,True,False,89,44,800,香5h,200,香5h
銀,6d,馬,4f,龍,True,True,False,89,31,800,香5h,200,香5h
銀,6d,龍,4f,歩,True,False,False,89,54,1200,歩5f,1200,歩5f
銀,6d,龍,4f,香,True,False,False,89,54,1200,歩5f,1200,歩5f
銀,6d,龍,4f,桂,True,False,False,89,52,1200,歩5f,1200,歩5f
銀,6d,龍,4f,銀,True,True,False,89,49,0,歩5f,-200,歩5f
銀,6d,龍,4f,金,True,False,False,89,32,1200,香5h,1200,香5h
銀,6d,龍,4f,角,True,True,False,89,50,600,歩5f,400,歩5f
銀,6d,龍,4f,飛,True,False,False,89,35,1200,香5g,1200,香5g
銀,6d,龍,4f,と,True,False,False,89,32,1200,香5h,1200,香5h
銀,6d,龍,4f,成香,True,False,False,89,32,1200,香5h,1200,香5h
銀,6d,龍,4f,成桂,True,False,False,89,32,1200,香5h,1200,香5h
銀,6d,龍,4f,成銀,True,False,False,89,32,1200,香5h,1200,香5h
銀,6d,龍,4f,馬,True,True,False,89,30,800,香5h,200,香5h
銀,6d,龍,4f,龍,True,True,False,89,30,1200,香5h,600,香5h
銀,6d,歩,6f,歩,False,False,True,89,80,0,歩5f,0,歩5f
銀,6d,歩,6f,香,False,False,True,89,80,0,歩5f,0,歩5f
銀,6d,歩,6f,桂,False,False,True,89,78,0,歩5f,0,歩5f
銀,6d,歩,6f,銀,False,True,False,89,75,0,歩5f,0,歩5f
銀,6d,歩,6f,金,False,False,True,89,66,0,香5h,0,香5h
銀,6d,歩,6f,角,False,True,False,89,76,600,歩5f,600,歩5f
銀,6d,歩,6f,飛,False,False,True,89,60,0,香5g,0,香5g
銀,6d,歩,6f,と,False,False,True,89,66,0,香5h,0,香5h
銀,6d,歩,6f,成香,False,False,True,89,66,0,香5h,0,香5h
銀,6d,歩,6f,成桂,False,False,True,89,66,0,香5h,0,香5h
銀,6d,歩,6f,成銀,False,False,True,89,66,0,香5h,0,香5h
銀,6d,歩,6f,馬,False,True,False,89,64,800,香5h,800,香5h
銀,6d,歩,6f,龍,False,True,False,89,55,1200,香5h,1200,香5h
銀,6d,香,6f,歩,False,False,True,89,80,0,歩5f,0,歩5f
銀,6d,香,6f,香,False,False,True,89,80,0,歩5f,0,歩5f
銀,6d,香,6f,桂,False,False,True,89,78,0,歩5f,0,歩5f
銀,6d,香,6f,銀,False,True,False,89,75,0,歩5f,0,歩5f
銀,6d,香,6f,金,False,False,True,89,66,0,香5h,0,香5h
銀,6d,香,6f,角,False,True,False,89,76,600,歩5f,600,歩5f
銀,6d,香,6f,飛,False,False,True,89,60,0,香5g,0,香5g
銀,6d,香,6f,と,False,False,True,89,66,0,香5h,0,香5h
銀,6d,香,6f,成香,False,False,True,89,66,0,香5h,0,香5h
銀,6d,香,6f,成桂,False,False,True,89,66,0,香5h,0,香5h
銀,6d,香,6f,成銀,False,False,True,89,66,0,香5h,0,香5h
銀,6d,香,6f,馬,False,True,False,89,64,800,香5h,800,香5h
銀,6d,香,6f,龍,False,True,False,89,55,1200,香5h,1200,香5h
銀,6d,桂,6f,歩,False,False,True,89,77,0,香5g,0,香5g
銀,6d,桂,6f,香,False,False,True,89,77,0,香5g,0,香5g
銀,6d,桂,6f,桂,False,False,True,89,75,0,香5g,0,香5g
銀,6d,桂,6f,銀,False,True,False,89,72,0,香5h,0,香5h
銀,6d,桂,6f,金,False,False,True,89,66,0,香5h,0,香5h
銀,6d,桂,6f,角,False,True,False,89,73,600,香5h,600,香5h
銀,6d,桂,6f,飛,False,False,True,89,60,0,香5g,0,香5g
銀,6d,桂,6f,と,False,False,True,89,66,0,香5h,0,香5h
銀,6d,桂,6f,成香,False,False,True,89,66,0,香5h,0,香5h
銀,6d,桂,6f,成桂,False,False,True,89,66,0,香5h,0,香5h
銀,6d,桂,6f,成銀,False,False,True,89,66,0,香5h,0,香5h
銀,6d,桂,6f,馬,False,True,False,89,64,800,香5h,800,香5h
銀,6d,桂,6f,龍,False,True,False,89,55,1200,香5h,1200,香5h
銀,6d,銀,6f,歩,True,False,False,89,76,0,歩5f,0,歩5f
銀,6d,銀,6f,香,True,False,False,89,76,0,歩5f,0,歩5f
銀,6d,銀,6f,桂,True,False,False,89,74,0,歩5f,0,歩5f
銀,6d,銀,6f,銀,True,True,False,89,73,0,歩5f,-200,歩5f
銀,6d,銀,6f,金,True,False,False,89,62,0,香5h,0,香5h
銀,6d,銀,6f,角,True,True,False,89,74,0,歩5f,-200,歩5f
銀,6d,銀,6f,飛,True,False,False,89,56,0,香5g,0,香5g
銀,6d,銀,6f,と,True,False,False,89,62,0,香5h,0,香5h
銀,6d,銀,6f,成香,True,False,False,89,62,0,香5h,0,香5h
銀,6d,銀,6f,成桂,True,False,False,89,62,0,香5h,0,香5h
銀,6d,銀,6f,成銀,True,False,False,89,62,0,香5h,0,香5h
銀,6d,銀,6f,馬,True,True,False,89,62,0,香5h,-600,香5h
銀,6d,銀,6f,龍,True,True,False,89,53,0,香5h,-600,香5h
銀,6d,金,6f,歩,True,False,False,89,70,200,歩5f,200,歩5f
銀,6d,金,6f,香,True,False,False,89,70,200,歩5f,200,歩5f
銀,6d,金,6f,桂,True,False,False,89,68,200,歩5f,200,歩5f
銀,6d,金,6f,銀,True,True,False,89,67,0,歩5f,-200,歩5f
銀,6d,金,6f,金,True,False,False,89,56,200,香5h,200,香5h
銀,6d,金,6f,角,True,True,False,89,68,200,歩5f,0,歩5f
銀,6d,金,6f,飛,True,False,False,89,50,200,香5g,200,香5g
銀,6d,金,6f,と,True,False,False,89,56,200,香5h,200,香5h
銀,6d,金,6f,成香,True,False,False,89,56,200,香5h,200,香5h
銀,6d,金,6f,成桂,True,False,False,89,56,200,香5h,200,香5h
銀,6d,金,6f,成銀,True,False,False,89,56,200,香5h,200,香5h
銀,6d,金,6f,馬,True,True,False,89,56,200,香5h,-400,香5h
銀,6d,金,6f,龍,True,True,False,89,47,200,香5h,-400,香5h
銀,6d,角,6f,歩,True,False,False,89,84,600,歩5f,600,歩5f
銀,6d,角,6f,香,True,False,False,89,84,600,歩5f,600,歩5f
銀,6d,角,6f,桂,True,False,False,89,82,600,歩5f,600,歩5f
銀,6d,角,6f,銀,True,True,False,89,81,0,歩5f,-200,歩5f
銀,6d,角,6f,金,True,False,False,89,62,600,香5h,600,香5h
銀,6d,角,6f,角,True,True,False,89,82,600,歩5f,400,歩5f
銀,6d,角,6f,飛,True,False,False,89,56,600,香5g,600,香5g
銀,6d,角,6f,と,True,False,False,89,62,600,香5h,600,香5h
銀,6d,角,6f,成香,True,False,False,89,62,600,香5h,600,香5h
銀,6d,角,6f,成桂,True,False,False,89,62,600,香5h,600,香5h
銀,6d,角,6f,成銀,True,False,False,89,62,600,香5h,600,香5h
銀,6d,角,6f,馬,True,True,False,89,62,600,香5h,0,香5h
銀,6d,角,6f,龍,True,True,False,89,53,600,香5h,0,香5h
銀,6d,飛,6f,歩,False,False,True,89,68,0,歩5f,0,歩5f
銀,6d,飛,6f,香,False,False,True,89,68,0,歩5f,0,歩5f
銀,6d,飛,6f,桂,False,False,True,89,66,0,歩5f,0,歩5f
銀,6d,飛,6f,銀,False,True,False,89,63,0,歩5f,0,歩5f
銀,6d,飛,6f,金,False,False,True,89,54,0,香5h,0,香5h
銀,6d,飛,6f,角,False,True,False,89,64,600,歩5f,600,歩5f
銀,6d,飛,6f,飛,False,False,True,89,48,0,香5g,0,香5g
銀,6d,飛,6f,と,False,False,True,89,54,0,香5h,0,香5h
銀,6d,飛,6f,成香,False,False,True,89,54,0,香5h,0,香5h
銀,6d,飛,6f,成桂,False,False,True,89,54,0,香5h,0,香5h
銀,6d,飛,6f,成銀,False,False,True,89,54,0,香5h,0,香5h
銀,6d,飛,6f,馬,False,True,False,89,52,800,香5h,800,香5h
銀,6d,飛,6f,龍,False,True,False,89,43,1200,香5h,1200,香5h
銀,6d,と,6f,歩,True,False,False,89,70,-300,歩5f,-300,歩5f
銀,6d,と,6f,香,True,False,False,89,70,-300,歩5f,-300,歩5f
銀,6d,と,6f,桂,True,False,False,89,68,-300,歩5f,-300,歩5f
銀,6d,と,6f,銀,True,True,False,89,67,-300,歩5f,-500,歩5f
銀,6d,と,6f,金,True,False,False,89,56,-300,香5h,-300,香5h
銀,6d,と,6f,角,True,True,False,89,68,-300,歩5f,-500,歩5f
銀,6d,と,6f,飛,True,False,False,89,50,-300,香5g,-300,香5g
銀,6d,と,6f,と,True,False,False,89,56,-300,香5h,-300,香5h
銀,6d,と,6f,成香,True,False,False,89,56,-300,香5h,-300,香5h
銀,6d,と,6f,成桂,True,False,False,89,56,-300,香5h,-300,香5h
銀,6d,と,6f,成銀,True,False,False,89,56,-300,香5h,-300,香5h
銀,6d,と,6f,馬,True,True,False,89,56,-300,香5h,-900,香5h
銀,6d,と,6f,龍,True,True,False,89,47,-300,香5h,-900,香5h
銀,6d,成香,6f,歩,True,False,False,89,70,-100,歩5f,-100,歩5f
銀,6d,成香,6f,香,True,False,False,89,70,-100,歩5f,-100,歩5f
銀,6d,成香,6f,桂,True,False,False,89,68,-100,歩5f,-100,歩5f
銀,6d,成香,6f,銀,True,True,False,89,67,-100,歩5f,-300,歩5f
銀,6d,成香,6f,金,True,False,False,89,56,-100,香5h,-100,香5h
銀,6d,成香,6f,角,True,True,False,89,68,-100,歩5f,-300,歩5f
銀,6d,成香,6f,飛,True,False,False,89,50,-100,香5g,-100,香5g
銀,6d,成香,6f,と,True,False,False,89,56,-100,香5h,-100,香5h
銀,6d,成香,6f,成香,True,False,False,89,56,-100,香5h,-100,香5h
銀,6d,成香,6f,成桂,True,False,False,89,56,-100,香5h,-100,香5h
銀,6d,成香,6f,成銀,True,False,False,89,56,-100,香5h,-100,香5h
銀,6d,成香,6f,馬,True,True,False,89,56,-100,香5h,-700,香5h
銀,6d,成香,6f,龍,True,True,False,89,47,-100,香5h,-700,香5h
銀,6d,成桂,6f,歩,True,False,False,89,70,-100,歩5f,-100,歩5f
銀,6d,成桂,6f,香,True,False,False,89,70,-100,歩5f,-100,歩5f
銀,6d,成桂,6f,桂,True,False,False,89,68,-100,歩5f,-100,歩5f
銀,6d,成桂,6f,銀,True,True,False,89,67,-100,歩5f,-300,歩5f
銀,6d,成桂,6f,金,True,False,False,89,56,-100,香5h,-100,香5h
銀,6d,成桂,6f,角,True,True,False,89,68,-100,歩5f,-300,歩5f
銀,6d,成桂,6f,飛,True,False,False,89,50,-100,香5g,-100,香5g
銀,6d,成桂,6f,と,True,False,False,89,56,-100,香5h,-100,香5h
銀,6d,成桂,6f,成香,True,False,False,89,56,-100,香5h,-100,香5h
銀,6d,成桂,6f,成桂,True,False,False,89,56,-100,香5h,-100,香5h
銀,6d,成桂,6f,成銀,True,False,False,89,56,-100,香5h,-100,香5h
銀,6d,成桂,6f,馬,True,True,False,89,56,-100,香5h,-700,香5h
銀,6d,成桂,6f,龍,True,True,False,89,47,-100,香5h,-700,香5h
銀,6d,成銀,6f,歩,True,False,False,89,70,100,歩5f,100,歩5f
銀,6d,成銀,6f,香,True,False,False,89,70,100,歩5f,100,歩5f
銀,6d,成銀,6f,桂,True,False,False,89,68,100,歩5f,100,歩5f
銀,6d,成銀,6f,銀,True,True,False,89,67,0,歩5f,-200,歩5f
銀,6d,成銀,6f,金,True,False,False,89,56,100,香5h,100,香5h
銀,6d,成銀,6f,角,True,True,False,89,68,100,歩5f,-100,歩5f
銀,6d,成銀,6f,飛,True,False,False,89,50,100,香5g,100,香5g
銀,6d,成銀,6f,と,True,False,False,89,56,100,香5h,100,香5h
銀,6d,成銀,6f,成香,True,False,False,89,56,100,香5h,100,香5h
銀,6d,成銀,6f,成桂,True,False,False,89,56,100,香5h,100,香5h
銀,6d,成銀,6f,成銀,True,False,False,89,56,100,香5h,100,香5h
銀,6d,成銀,6f,馬,True,True,False,89,56,100,香5h,-500,香5h
銀,6d,成銀,6f,龍,True,True,False,89,47,100,香5h,-500,香5h
銀,6d,馬,6f,歩,True,False,False,89,68,800,歩5f,800,歩5f
銀,6d,馬,6f,香,True,False,False,89,68,800,歩5f,800,歩5f
銀,6d,馬,6f,桂,True,False,False,89,66,800,歩5f,800,歩5f
銀,6d,馬,6f,銀,True,True,False,89,65,0,歩5f,-200,歩5f
銀,6d,馬,6f,金,True,False,False,89,54,800,香5h,800,香5h
銀,6d,馬,6f,角,True,True,False,89,66,600,歩5f,400,歩5f
銀,6d,馬,6f,飛,True,False,False,89,48,800,香5g,800,香5g
銀,6d,馬,6f,と,True,False,False,89,54,800,香5h,800,香5h
銀,6d,馬,6f,成香,True,False,False,89,54,800,香5h,800,香5h
銀,6d,馬,6f,成桂,True,False,False,89,54,800,香5h,800,香5h
銀,6d,馬,6f,成銀,True,False,False,89,54,800,香5h,800,香5h
銀,6d,馬,6f,馬,True,True,False,89,54,800,香5h,200,香5h
銀,6d,馬,6f,龍,True,True,False,89,45,800,香5h,200,香5h
銀,6d,龍,6f,歩,True,False,False,89,64,1200,歩5f,1200,歩5f
銀,6d,龍,6f,香,True,False,False,89,64,1200,歩5f,1200,歩5f
銀,6d,龍,6f,桂,True,False,False,89,62,1200,歩5f,1200,歩5f
銀,6d,龍,6f,銀,True,True,False,89,61,0,歩5f,-200,歩5f
銀,6d,龍,6f,金,True,False,False,89,50,1200,香5h,1200,香5h
銀,6d,龍,6f,角,True,True,False,89,62,600,歩5f,400,歩5f
銀,6d,龍,6f,飛,True,False,False,89,44,1200,香5g,1200,香5g
銀,6d,龍,6f,と,True,False,False,89,50,1200,香5h,1200,香5h
銀,6d,龍,6f,成香,True,False,False,89,50,1200,香5h,1200,香5h
銀,6d,龍,6f,成桂,True,False,False,89,50,1200,香5h,1200,香5h
銀,6d,龍,6f,成銀,True,False,False,89,50,1200,香5h,1200,香5h
銀,6d,龍,6f,馬,True,True,False,89,50,800,香5h,200,香5h
銀,6d,龍,6f,龍,True,True,False,89,41,1200,香5h,600,香5h
銀,4f,歩,6f,歩,False,False,True,84,82,0,歩5f,0,歩5f
銀,4f,歩,6f,香,False,False,True,84,82,0,歩5f,0,歩5f
銀,4f,歩,6f,桂,False,False,True,84,80,0,歩5f,0,歩5f
銀,4f,歩,6f,銀,False,True,False,84,77,0,歩5f,0,歩5f
銀,4f,歩,6f,金,False,False,True,84,60,0,香5h,0,香5h
銀,4f,歩,6f,角,False,True,False,84,78,600,歩5f,600,歩5f
銀,4f,歩,6f,飛,False,False,True,84,59,0,香5g,0,香5g
銀,4f,歩,6f,と,False,False,True,84,60,0,香5h,0,香5h
銀,4f,歩,6f,成香,False,False,True,84,60,0,香5h,0,香5h
銀,4f,歩,6f,成桂,False,False,True,84,60,0,香5h,0,香5h
銀,4f,歩,6f,成銀,False,False,True,84,60,0,香5h,0,香5h
銀,4f,歩,6f,馬,False,True,False,84,58,800,香5h,800,香5h
銀,4f,歩,6f,龍,False,True,False,84,54,1200,香5h,1200,香5h
銀,4f,香,6f,歩,False,False,True,84,82,0,歩5f,0,歩5f
銀,4f,香,6f,香,False,False,True,84,82,0,歩5f,0,歩5f
銀,4f,香,6f,桂,False,False,True,84,80,0,歩5f,0,歩5f
銀,4f,香,6f,銀,False,True,False,84,77,0,歩5f,0,歩5f
銀,4f,香,6f,金,False,False,True,84,60,0,香5h,0,香5h
銀,4f,香,6f,角,False,True,False,84,78,600,歩5f,600,歩5f
銀,4f,香,6f,飛,False,False,True,84,59,0,香5g,0,香5g
銀,4f,香,6f,と,False,False,True,84,60,0,香5h,0,香5h
銀,4f,香,6f,成香,False,False,True,84,60,0,香5h,0,香5h
銀,4f,香,6f,成桂,False,False,True,84,60,0,香5h,0,香5h
銀,4f,香,6f,成銀,False,False,True,84,60,0,香5h,0,香5h
銀,4f,香,6f,馬,False,True,False,84,58,800,香5h,800,香5h
銀,4f,香,6f,龍,False,True,False,84,54,1200,香5h,1200,香5h
銀,4f,桂,6f,歩,False,False,True,84,80,0,歩5f,0,歩5f
銀,4f,桂,6f,香,False,False,True,84,80,0,歩5f,0,歩5f
銀,4f,桂,6f,桂,False,False,True,84,81,0,歩5f,0,歩5f
銀,4f,桂,6f,銀,False,True,False,84,75,0,歩5f,0,歩5f
銀,4f,桂,6f,金,False,False,True,84,58,0,香5i,0,香5i
銀,4f,桂,6f,角,False,True,False,84,76,600,歩5f,600,歩5f
銀,4f,桂,6f,飛,False,False,True,84,57,0,香5g,0,香5g
銀,4f,桂,6f,と,False,False,True,84,58,0,香5i,0,香5i
銀,4f,桂,6f,成香,False,False,True,84,58,0,香5i,0,香5i
銀,4f,桂,6f,成桂,False,False,True,84,58,0,香5i,0,香5i
銀,4f,桂,6f,成銀,False,False,True,84,58,0,香5i,0,香5i
銀,4f,桂,6f,馬,False,True,False,84,56,800,香5i,800,香5i
銀,4f,桂,6f,龍,False,True,False,84,52,1200,香5i,1200,香5i
銀,4f,銀,6f,歩,True,False,False,84,77,0,歩5f,0,歩5f
銀,4f,銀,6f,香,True,False,False,84,77,0,歩5f,0,歩5f
銀,4f,銀,6f,桂,True,False,False,84,75,0,歩5f,0,歩5f
銀,4f,銀,6f,銀,True,True,False,84,75,0,歩5f,-200,歩5f
銀,4f,銀,6f,金,True,False,False,84,58,0,香5h,0,香5h
銀,4f,銀,6f,角,True,True,False,84,76,0,歩5f,-200,歩5f
銀,4f,銀,6f,飛,True,False,False,84,54,0,香5h,0,香5h
銀,4f,銀,6f,と,True,False,False,84,58,0,香5h,0,香5h
銀,4f,銀,6f,成香,True,False,False,84,58,0,香5h,0,香5h
銀,4f,銀,6f,成桂,True,False,False,84,58,0,香5h,0,香5h
銀,4f,銀,6f,成銀,True,False,False,84,58,0,香5h,0,香5h
銀,4f,銀,6f,馬,True,True,False,84,56,0,香5h,-600,香5h
銀,4f,銀,6f,龍,True,True,False,84,52,0,香5h,-600,香5h
銀,4f,金,6f,歩,False,False,True,84,60,0,香5h,0,香5h
銀,4f,金,6f,香,False,False,True,84,60,0,香5h,0,香5h
銀,4f,金,6f,桂,False,False,True,84,58,0,香5i,0,香5i
銀,4f,金,6f,銀,False,True,False,84,58,0,香5h,0,香5h
銀,4f,金,6f,金,False,False,True,84,52,0,香5h,0,香5h
銀,4f,金,6f,角,False,True,False,84,59,600,香5h,600,香5h
銀,4f,金,6f,飛,False,False,True,84,48,0,香5h,0,香5h
銀,4f,金,6f,と,False,False,True,84,52,0,香5h,0,香5h
銀,4f,金,6f,成香,False,False,True,84,52,0,香5h,0,香5h
銀,4f,金,6f,成桂,False,False,True,84,52,0,香5h,0,香5h
銀,4f,金,6f,成銀,False,False,True,84,52,0,香5h,0,香5h
銀,4f,金,6f,馬,False,True,False,84,50,800,香5h,800,香5h
銀,4f,金,6f,龍,False,True,False,84,46,1200,香5h,1200,香5h
銀,4f,角,6f,歩,True,False,False,84,78,600,歩5f,600,歩5f
銀,4f,角,6f,香,True,False,False,84,78,600,歩5f,600,歩5f
銀,4f,角,6f,桂,True,False,False,84,76,600,歩5f,600,歩5f
銀,4f,角,6f,銀,True,True,False,84,76,0,歩5f,-200,歩5f
銀,4f,角,6f,金,True,False,False,84,59,600,香5h,600,香5h
銀,4f,角,6f,角,True,True,False,84,77,600,歩5f,400,歩5f
銀,4f,角,6f,飛,True,False,False,84,55,600,香5h,600,香5h
銀,4f,角,6f,と,True,False,False,84,59,600,香5h,600,香5h
銀,4f,角,6f,成香,True,False,False,84,59,600,香5h,600,香5h
銀,4f,角,6f,成桂,True,False,False,84,59,600,香5h,600,香5h
銀,4f,角,6f,成銀,True,False,False,84,59,600,香5h,600,香5h
銀,4f,角,6f,馬,True,True,False,84,57,600,香5h,0,香5h
銀,4f,角,6f,龍,True,True,False,84,53,600,香5h,0,香5h
銀,4f,飛,6f,歩,False,False,True,84,59,0,香5g,0,香5g
銀,4f,飛,6f,香,False,False,True,84,59,0,香5g,0,香5g
銀,4f,飛,6f,桂,False,False,True,84,57,0,香5g,0,香5g
銀,4f,飛,6f,銀,False,True,False,84,54,0,香5h,0,香5h
銀,4f,飛,6f,金,False,False,True,84,48,0,香5h,0,香5h
銀,4f,飛,6f,角,False,True,False,84,55,600,香5h,600,香5h
銀,4f,飛,6f,飛,False,False,True,84,47,0,香5g,0,香5g
銀,4f,飛,6f,と,False,False,True,84,48,0,香5h,0,香5h
銀,4f,飛,6f,成香,False,False,True,84,48,0,香5h,0,香5h
銀,4f,飛,6f,成桂,False,False,True,84,48,0,香5h,0,香5h
銀,4f,飛,6f,成銀,False,False,True,84,48,0,香5h,0,香5h
銀,4f,飛,6f,馬,False,True,False,84,46,800,香5h,800,香5h
銀,4f,飛,6f,龍,False,True,False,84,42,1200,香5h,1200,香5h
銀,4f,と,6f,歩,False,False,True,84,60,0,香5h,0,香5h
銀,4f,と,6f,香,False,False,True,84,60,0,香5h,0,香5h
銀,4f,と,6f,桂,False,False,True,84,58,0,香5i,0,香5i
銀,4f,と,6f,銀,False,True,False,84,58,0,香5h,0,香5h
銀,4f,と,6f,金,False,False,True,84,52,0,香5h,0,香5h
銀,4f,と,6f,角,False,True,False,84,59,600,香5h,600,香5h
銀,4f,と,6f,飛,False,False,True,84,48,0,香5h,0,香5h
銀,4f,と,6f,と,False,False,True,84,52,0,香5h,0,香5h
銀,4f,と,6f,成香,False,False,True,84,52,0,香5h,0,香5h
銀,4f,と,6f,成桂,False,False,True,84,52,0,香5h,0,香5h
銀,4f,と,6f,成銀,False,False,True,84,52,0,香5h,0,香5h
銀,4f,と,6f,馬,False,True,False,84,50,800,香5h,800,香5h
銀,4f,と,6f,龍,False,True,False,84,46,1200,香5h,1200,香5h
銀,4f,成香,6f,歩,False,False,True,84,60,0,香5h,0,香5h
銀,4f,成香,6f,香,False,False,True,84,60,0,香5h,0,香5h
銀,4f,成香,6f,桂,False,False,True,84,58,0,香5i,0,香5i
銀,4f,成香,6f,銀,False,True,False,84,58,0,香5h,0,香5h
銀,4f,成香,6f,金,False,False,True,84,52,0,香5h,0,香5h
銀,4f,成香,6f,角,False,True,False,84,59,600,香5h,600,香5h
銀,4f,成香,6f,飛,False,False,True,84,48,0,香5h,0,香5h
銀,4f,成香,6f,と,False,False,True,84,52,0,香5h,0,香5h
銀,4f,成香,6f,成香,False,False,True,84,52,0,香5h,0,香5h
銀,4f,成香,6f,成桂,False,False,True,84,52,0,香5h,0,香5h
銀,4f,成香,6f,成銀,False,False,True,84,52,0,香5h,0,香5h
銀,4f,成香,6f,馬,False,True,False,84,50,800,香5h,800,香5h
銀,4f,成香,6f,龍,False,True,False,84,46,1200,香5h,1200,香5h
銀,4f,成桂,6f,歩,False,False,True,84,60,0,香5h,0,香5h
銀,4f,成桂,6f,香,False,False,True,84,60,0,香5h,0,香5h
銀,4f,成桂,6f,桂,False,False,True,84,58,0,香5i,0,香5i
銀,4f,成桂,6f,銀,False,True,False,84,58,0,香5h,0,香5h
銀,4f,成桂,6f,金,False,False,True,84,52,0,香5h,0,香5h
銀,4f,成桂,6f,角,False,True,False,84,59,600,香5h,600,香5h
銀,4f,成桂,6f,飛,False,False,True,84,48,0,香5h,0,香5h
銀,4f,成桂,6f,と,False,False,True,84,52,0,香5h,0,香5h
銀,4f,成桂,6f,成香,False,False,True,84,52,0,香5h,0,香5h
銀,4f,成桂,6f,成桂,False,False,True,84,52,0,香5h,0,香5h
銀,4f,成桂,6f,成銀,False,False,True,84,52,0,香5h,0,香5h
銀,4f,成桂,6f,馬,False,True,False,84,50,800,香5h,800,香5h
銀,4f,成桂,6f,龍,False,True,False,84,46,1200,香5h,1200,香5h
銀,4f,成銀,6f,歩,False,False,True,84,60,0,香5h,0,香5h
銀,4f,成銀,6f,香,False,False,True,84,60,0,香5h,0,香5h
銀,4f,成銀,6f,桂,False,False,True,84,58,0,香5i,0,香5i
銀,4f,成銀,6f,銀,False,True,False,84,58,0,香5h,0,香5h
銀,4f,成銀,6f,金,False,False,True,84,52,0,香5h,0,香5h
銀,4f,成銀,6f,角,False,True,False,84,59,600,香5h,600,香5h
銀,4f,成銀,6f,飛,False,False,True,84,48,0,香5h,0,香5h
銀,4f,成銀,6f,と,False,False,True,84,52,0,香5h,0,香5h
銀,4f,成銀,6f,成香,False,False,True,84,52,0,香5h,0,香5h
銀,4f,成銀,6f,成桂,False,False,True,84,52,0,香5h,0,香5h
銀,4f,成銀,6f,成銀,False,False,True,84,52,0,香5h,0,香5h
銀,4f,成銀,6f,馬,False,True,False,84,50,800,香5h,800,香5h
銀,4f,成銀,6f,龍,False,True,False,84,46,1200,香5h,1200,香5h
銀,4f,馬,6f,歩,True,False,False,84,58,800,香5h,800,香5h
銀,4f,馬,6f,香,True,False,False,84,58,800,香5h,800,香5h
銀,4f,馬,6f,桂,True,False,False,84,56,800,香5i,800,香5i
銀,4f,馬,6f,銀,True,True,False,84,56,0,香5h,-600,香5h
銀,4f,馬,6f,金,True,False,False,84,50,800,香5h,800,香5h
銀,4f,馬,6f,角,True,True,False,84,57,600,香5h,0,香5h
銀,4f,馬,6f,飛,True,False,False,84,46,800,香5h,800,香5h
銀,4f,馬,6f,と,True,False,False,84,50,800,香5h,800,香5h
銀,4f,馬,6f,成香,True,False,False,84,50,800,香5h,800,香5h
銀,4f,馬,6f,成桂,True,False,False,84,50,800,香5h,800,香5h
銀,4f,馬,6f,成銀,True,False,False,84,50,800,香5h,800,香5h
銀,4f,馬,6f,馬,True,True,False,84,48,800,香5h,200,香5h
銀,4f,馬,6f,龍,True,True,False,84,44,800,香5h,200,香5h
銀,4f,龍,6f,歩,True,False,False,84,54,1200,香5h,1200,香5h
銀,4f,龍,6f,香,True,False,False,84,54,1200,香5h,1200,香5h
銀,4f,龍,6f,桂,True,False,False,84,52,1200,香5i,1200,香5i
銀,4f,龍,6f,銀,True,True,False,84,52,0,香5h,-600,香5h
銀,4f,龍,6f,金,True,False,False,84,46,1200,香5h,1200,香5h
銀,4f,龍,6f,角,True,True,False,84,53,600,香5h,0,香5h
銀,4f,龍,6f,飛,True,False,False,84,42,1200,香5h,1200,香5h
銀,4f,龍,6f,と,True,False,False,84,46,1200,香5h,1200,香5h
銀,4f,龍,6f,成香,True,False,False,84,46,1200,香5h,1200,香5h
銀,4f,龍,6f,成桂,True,False,False,84,46,1200,香5h,1200,香5h
銀,4f,龍,6f,成銀,True,False,False,84,46,1200,香5h,1200,香5h
銀,4f,龍,6f,馬,True,True,False,84,44,800,香5h,200,香5h
銀,4f,龍,6f,龍,True,True,False,84,40,1200,香5h,600,香5h
金,4d,歩,5d,歩,False,True,False,90,82,-1000,歩5f,-1000,歩5f
金,4d,歩,5d,香,False,True,False,90,82,-600,歩5f,-600,歩5f
金,4d,歩,5d,桂,False,False,True,90,64,0,歩5f,0,歩5f
金,4d,歩,5d,銀,False,True,False,90,74,-200,歩5f,-200,歩5f
金,4d,歩,5d,金,False,True,False,90,70,0,歩5f,0,歩5f
金,4d,歩,5d,角,False,False,True,90,74,0,歩5f,0,歩5f
金,4d,歩,5d,飛,False,True,False,90,78,800,歩5f,800,歩5f
金,4d,歩,5d,と,False,True,False,90,70,-500,歩5f,-500,歩5f
金,4d,歩,5d,成香,False,True,False,90,70,-300,歩5f,-300,歩5f
金,4d,歩,5d,成桂,False,True,False,90,70,-300,歩5f,-300,歩5f
金,4d,歩,5d,成銀,False,True,False,90,70,-100,歩5f,-100,歩5f
金,4d,歩,5d,馬,False,True,False,90,70,600,歩5f,600,歩5f
金,4d,歩,5d,龍,False,True,False,90,70,1000,歩5f,1000,歩5f
金,4d,香,5d,歩,False,True,False,90,72,-1000,歩5f,-1000,歩5f
金,4d,香,5d,香,False,True,False,90,72,-600,歩5f,-600,歩5f
金,4d,香,5d,桂,False,False,True,90,63,0,歩5f,0,歩5f
金,4d,香,5d,銀,False,True,False,90,64,-200,歩5f,-200,歩5f
金,4d,香,5d,金,False,True,False,90,60,0,歩5f,0,歩5f
金,4d,香,5d,角,False,False,True,90,64,0,歩5f,0,歩5f
金,4d,香,5d,飛,False,True,False,90,68,800,歩5f,800,歩5f
金,4d,香,5d,と,False,True,False,90,60,-500,歩5f,-500,歩5f
金,4d,香,5d,成香,False,True,False,90,60,-300,歩5f,-300,歩5f
金,4d,香,5d,成桂,False,True,False,90,60,-300,歩5f,-300,歩5f
金,4d,香,5d,成銀,False,True,False,90,60,-100,歩5f,-100,歩5f
金,4d,香,5d,馬,False,True,False,90,60,600,歩5f,600,歩5f
金,4d,香,5d,龍,False,True,False,90,60,1000,歩5f,1000,歩5f
金,4d,桂,5d,歩,False,True,False,90,79,-1000,香5g,-1000,香5g
金,4d,桂,5d,香,False,True,False,90,79,-600,香5g,-600,香5g
金,4d,桂,5d,桂,False,False,True,90,61,0,香5g,0,香5g
金,4d,桂,5d,銀,False,True,False,90,63,-200,香5g,-200,香5g
金,4d,桂,5d,金,False,True,False,90,59,0,香5g,0,香5g
金,4d,桂,5d,角,False,False,True,90,63,0,香5g,0,香5g
金,4d,桂,5d,飛,False,True,False,90,75,800,香5g,800,香5g
金,4d,桂,5d,と,False,True,False,90,59,-500,香5g,-500,香5g
金,4d,桂,5d,成香,False,True,False,90,59,-300,香5g,-300,香5g
金,4d,桂,5d,成桂,False,True,False,90,59,-300,香5g,-300,香5g
金,4d,桂,5d,成銀,False,True,False,90,59,-100,香5g,-100,香5g
金,4d,桂,5d,馬,False,True,False,90,59,600,香5g,600,香5g
金,4d,桂,5d,龍,False,True,False,90,59,1000,香5g,1000,香5g
金,4d,銀,5d,歩,True,True,False,90,80,-1000,歩5f,-1200,歩5f
金,4d,銀,5d,香,True,True,False,90,80,-600,歩5f,-800,歩5f
金,4d,銀,5d,桂,True,False,False,90,62,-200,歩5f,-200,歩5f
金,4d,銀,5d,銀,True,True,False,90,72,-200,歩5f,-400,歩5f
金,4d,銀,5d,金,True,True,False,90,68,-200,歩5f,-400,歩5f
金,4d,銀,5d,角,True,False,False,90,72,-200,歩5f,-200,歩5f
金,4d,銀,5d,飛,True,True,False,90,76,-200,歩5f,-400,歩5f
金,4d,銀,5d,と,True,True,False,90,68,-500,歩5f,-700,歩5f
金,4d,銀,5d,成香,True,True,False,90,68,-300,歩5f,-500,歩5f
金,4d,銀,5d,成桂,True,True,False,90,68,-300,歩5f,-500,歩5f
金,4d,銀,5d,成銀,True,True,False,90,68,-200,歩5f,-400,歩5f
金,4d,銀,5d,馬,True,True,False,90,68,-200,歩5f,-400,歩5f
金,4d,銀,5d,龍,True,True,False,90,68,-200,歩5f,-400,歩5f
金,4d,金,5d,歩,True,True,False,90,80,-1000,歩5f,-1200,歩5f
金,4d,金,5d,香,True,True,False,90,80,-600,歩5f,-800,歩5f
金,4d,金,5d,桂,True,False,False,90,62,0,歩5f,0,歩5f
金,4d,金,5d,銀,True,True,False,90,72,-200,歩5f,-400,歩5f
金,4d,金,5d,金,True,True,False,90,68,0,歩5f,-200,歩5f
金,4d,金,5d,角,True,False,False,90,72,0,歩5f,0,歩5f
金,4d,金,5d,飛,True,True,False,90,76,0,歩5f,-200,歩5f
金,4d,金,5d,と,True,True,False,90,68,-500,歩5f,-700,歩5f
金,4d,金,5d,成香,True,True,False,90,68,-300,歩5f,-500,歩5f
金,4d,金,5d,成桂,True,True,False,90,68,-300,歩5f,-500,歩5f
金,4d,金,5d,成銀,True,True,False,90,68,-100,歩5f,-300,歩5f
金,4d,金,5d,馬,True,True,False,90,68,0,歩5f,-200,歩5f
金,4d,金,5d,龍,True,True,False,90,68,0,歩5f,-200,歩5f
金,4d,角,5d,歩,True,True,False,90,88,-1000,歩5f,-1200,歩5f
金,4d,角,5d,香,True,True,False,90,88,-600,歩5f,-800,歩5f
金,4d,角,5d,桂,True,False,False,90,70,400,歩5f,400,歩5f
金,4d,角,5d,銀,True,True,False,90,72,-200,歩5f,-400,歩5f
金,4d,角,5d,金,True,True,False,90,68,0,歩5f,-200,歩5f
金,4d,角,5d,角,True,False,False,90,72,400,歩5f,400,歩5f
金,4d,角,5d,飛,True,True,False,90,84,400,歩5f,200,歩5f
金,4d,角,5d,と,True,True,False,90,68,-500,歩5f,-700,歩5f
金,4d,角,5d,成香,True,True,False,90,68,-300,歩5f,-500,歩5f
金,4d,角,5d,成桂,True,True,False,90,68,-300,歩5f,-500,歩5f
金,4d,角,5d,成銀,True,True,False,90,68,-100,歩5f,-300,歩5f
金,4d,角,5d,馬,True,True,False,90,68,400,歩5f,200,歩5f
金,4d,角,5d,龍,True,True,False,90,68,400,歩5f,200,歩5f
金,4d,飛,5d,歩,False,True,False,90,72,-1000,歩5f,-1000,歩5f
金,4d,飛,5d,香,False,True,False,90,72,-600,歩5f,-600,歩5f
金,4d,飛,5d,桂,False,False,True,90,63,0,歩5f,0,歩5f
金,4d,飛,5d,銀,False,True,False,90,64,-200,歩5f,-200,歩5f
金,4d,飛,5d,金,False,True,False,90,60,0,歩5f,0,歩5f
金,4d,飛,5d,角,False,False,True,90,64,0,歩5f,0,歩5f
金,4d,飛,5d,飛,False,True,False,90,68,800,歩5f,800,歩5f
金,4d,飛,5d,と,False,True,False,90,60,-500,歩5f,-500,歩5f
金,4d,飛,5d,成香,False,True,False,90,60,-300,歩5f,-300,歩5f
金,4d,飛,5d,成桂,False,True,False,90,60,-300,歩5f,-300,歩5f
金,4d,飛,5d,成銀,False,True,False,90,60,-100,歩5f,-100,歩5f
金,4d,飛,5d,馬,False,True,False,90,60,600,歩5f,600,歩5f
金,4d,飛,5d,龍,False,True,False,90,60,1000,歩5f,1000,歩5f
金,4d,と,5d,歩,True,True,False,90,80,-1000,歩5f,-1200,歩5f
金,4d,と,5d,香,True,True,False,90,80,-600,歩5f,-800,歩5f
金,4d,と,5d,桂,True,False,False,90,62,-500,歩5f,-500,歩5f
金,4d,と,5d,銀,True,True,False,90,72,-500,歩5f,-700,歩5f
金,4d,と,5d,金,True,True,False,90,68,-500,歩5f,-700,歩5f
金,4d,と,5d,角,True,False,False,90,72,-500,歩5f,-500,歩5f
金,4d,と,5d,飛,True,True,False,90,76,-500,歩5f,-700,歩5f
金,4d,と,5d,と,True,True,False,90,68,-500,歩5f,-700,歩5f
金,4d,と,5d,成香,True,True,False,90,68,-500,歩5f,-700,歩5f
金,4d,と,5d,成桂,True,True,False,90,68,-500,歩5f,-700,歩5f
金,4d,と,5d,成銀,True,True,False,90,68,-500,歩5f,-700,歩5f
金,4d,と,5d,馬,True,True,False,90,68,-500,歩5f,-700,歩5f
金,4d,と,5d,龍,True,True,False,90,68,-500,歩5f,-700,歩5f
金,4d,成香,5d,歩,True,True,False,90,80,-1000,歩5f,-1200,歩5f
金,4d,成香,5d,香,True,True,False,90,80,-600,歩5f,-800,歩5f
金,4d,成香,5d,桂,True,False,False,90,62,-300,歩5f,-300,歩5f
金,4d,成香,5d,銀,True,True,False,90,72,-300,歩5f,-500,歩5f
金,4d,成香,5d,金,True,True,False,90,68,-300,歩5f,-500,歩5f
金,4d,成香,5d,角,True,False,False,90,72,-300,歩5f,-300,歩5f
金,4d,成香,5d,飛,True,True,False,90,76,-300,歩5f,-500,歩5f
金,4d,成香,5d,と,True,True,False,90,68,-500,歩5f,-700,歩5f
金,4d,成香,5d,成香,True,True,False,90,68,-300,歩5f,-500,歩5f
金,4d,成香,5d,成桂,True,True,False,90,68,-300,歩5f,-500,歩5f
金,4d,成香,5d,成銀,True,True,False,90,68,-300,歩5f,-500,歩5f
金,4d,成香,5d,馬,True,True,False,90,68,-300,歩5f,-500,歩5f
金,4d,成香,5d,龍,True,True,False,90,68,-300,歩5f,-500,歩5f
金,4d,成桂,5d,歩,True,True,False,90,80,-1000,歩5f,-1200,歩5f
金,4d,成桂,5d,香,True,True,False,90,80,-600,歩5f,-800,歩5f
金,4d,成桂,5d,桂,True,False,False,90,62,-300,歩5f,-300,歩5f
金,4d,成桂,5d,銀,True,True,False,90,72,-300,歩5f,-500,歩5f
金,4d,成桂,5d,金,True,True,False,90,68,-300,歩5f,-500,歩5f
金,4d,成桂,5d,角,True,False,False,90,72,-300,歩5f,-300,歩5f
金,4d,成桂,5d,飛,True,True,False,90,76,-300,歩5f,-500,歩5f
金,4d,成桂,5d,と,True,True,False,90,68,-500,歩5f,-700,歩5f
金,4d,成桂,5d,成香,True,True,False,90,68,-300,歩5f,-500,歩5f
金,4d,成桂,5d,成桂,True,True,False,90,68,-300,歩5f,-500,歩5f
金,4d,成桂,5d,成銀,True,True,False,90,68,-300,歩5f,-500,歩5f
金,4d,成桂,5d,馬,True,True,False,90,68,-300,歩5f,-500,歩5f
金,4d,成桂,5d,龍,True,True,False,90,68,-300,歩5f,-500,歩5f
金,4d,成銀,5d,歩,True,True,False,90,80,-1000,歩5f,-1200,歩5f
金,4d,成銀,5d,香,True,True,False,90,80,-600,歩5f,-800,歩5f
金,4d,成銀,5d,桂,True,False,False,90,62,-100,歩5f,-100,歩5f
金,4d,成銀,5d,銀,True,True,False,90,72,-200,歩5f,-400,歩5f
金,4d,成銀,5d,金,True,True,False,90,68,-100,歩5f,-300,歩5f
金,4d,成銀,5d,角,True,False,False,90,72,-100,歩5f,-100,歩5f
金,4d,成銀,5d,飛,True,True,False,90,76,-100,歩5f,-300,歩5f
金,4d,成銀,5d,と,True,True,False,90,68,-500,歩5f,-700,歩5f
金,4d,成銀,5d,成香,True,True,False,90,68,-300,歩5f,-500,歩5f
金,4d,成銀,5d,成桂,True,True,False,90,68,-300,歩5f,-500,歩5f
金,4d,成銀,5d,成銀,True,True,False,90,68,-100,歩5f,-300,歩5f
金,4d,成銀,5d,馬,True,True,False,90,68,-100,歩5f,-300,歩5f
金,4d,成銀,5d,龍,True,True,False,90,68,-100,歩5f,-300,歩5f
金,4d,馬,5d,歩,True,True,False,90,80,-1000,歩5f,-1200,歩5f
金,4d,馬,5d,香,True,True,False,90,80,-600,歩5f,-800,歩5f
金,4d,馬,5d,桂,True,False,False,90,62,600,歩5f,600,歩5f
金,4d,馬,5d,銀,True,True,False,90,72,-200,歩5f,-400,歩5f
金,4d,馬,5d,金,True,True,False,90,68,0,歩5f,-200,歩5f
金,4d,馬,5d,角,True,False,False,90,72,600,歩5f,600,歩5f
金,4d,馬,5d,飛,True,True,False,90,76,600,歩5f,400,歩5f
金,4d,馬,5d,と,True,True,False,90,68,-500,歩5f,-700,歩5f
金,4d,馬,5d,成香,True,True,False,90,68,-300,歩5f,-500,歩5f
金,4d,馬,5d,成桂,True,True,False,90,68,-300,歩5f,-500,歩5f
金,4d,馬,5d,成銀,True,True,False,90,68,-100,歩5f,-300,歩5f
金,4d,馬,5d,馬,True,True,False,90,68,600,歩5f,400,歩5f
金,4d,馬,5d,龍,True,True,False,90,68,600,歩5f,400,歩5f
金,4d,龍,5d,歩,True,True,False,90,70,-1000,歩5f,-1200,歩5f
金,4d,龍,5d,香,True,True,False,90,70,-600,歩5f,-800,歩5f
金,4d,龍,5d,桂,True,False,False,90,61,1000,歩5f,1000,歩5f
金,4d,龍,5d,銀,True,True,False,90,62,-200,歩5f,-400,歩5f
金,4d,龍,5d,金,True,True,False,90,58,0,歩5f,-200,歩5f
金,4d,龍,5d,角,True,False,False,90,62,1000,歩5f,1000,歩5f
金,4d,龍,5d,飛,True,True,False,90,66,800,歩5f,600,歩5f
金,4d,龍,5d,と,True,True,False,90,58,-500,歩5f,-700,歩5f
金,4d,龍,5d,成香,True,True,False,90,58,-300,歩5f,-500,歩5f
金,4d,龍,5d,成桂,True,True,False,90,58,-300,歩5f,-500,歩5f
金,4d,龍,5d,成銀,True,True,False,90,58,-100,歩5f,-300,歩5f
金,4d,龍,5d,馬,True,True,False,90,58,600,歩5f,400,歩5f
金,4d,龍,5d,龍,True,True,False,90,58,1000,歩5f,800,歩5f
金,4d,歩,6d,歩,False,False,True,94,78,0,歩5f,0,歩5f
金,4d,歩,6d,香,False,False,True,94,68,0,歩5f,0,歩5f
金,4d,歩,6d,桂,False,False,True,94,75,0,香5g,0,香5g
金,4d,歩,6d,銀,False,True,False,94,74,-200,歩5f,-200,歩5f
金,4d,歩,6d,金,False,True,False,94,68,0,歩5f,0,歩5f
金,4d,歩,6d,角,False,True,False,94,82,400,歩5f,400,歩5f
金,4d,歩,6d,飛,False,False,True,94,60,0,歩5f,0,歩5f
金,4d,歩,6d,と,False,True,False,94,68,-500,歩5f,-500,歩5f
金,4d,歩,6d,成香,False,True,False,94,68,-300,歩5f,-300,歩5f
金,4d,歩,6d,成桂,False,True,False,94,68,-300,歩5f,-300,歩5f
金,4d,歩,6d,成銀,False,True,False,94,68,-100,歩5f,-100,歩5f
金,4d,歩,6d,馬,False,True,False,94,66,600,歩5f,600,歩5f
金,4d,歩,6d,龍,False,True,False,94,56,1000,歩5f,1000,歩5f
金,4d,香,6d,歩,False,False,True,94,68,0,歩5f,0,歩5f
金,4d,香,6d,香,False,False,True,94,58,0,歩5f,0,歩5f
金,4d,香,6d,桂,False,False,True,94,65,0,香5g,0,香5g
金,4d,香,6d,銀,False,True,False,94,64,-200,歩5f,-200,歩5f
金,4d,香,6d,金,False,True,False,94,58,0,歩5f,0,歩5f
金,4d,香,6d,角,False,True,False,94,72,400,歩5f,400,歩5f
金,4d,香,6d,飛,False,False,True,94,50,0,歩5f,0,歩5f
金,4d,香,6d,と,False,True,False,94,58,-500,歩5f,-500,歩5f
金,4d,香,6d,成香,False,True,False,94,58,-300,歩5f,-300,歩5f
金,4d,香,6d,成桂,False,True,False,94,58,-300,歩5f,-300,歩5f
金,4d,香,6d,成銀,False,True,False,94,58,-100,歩5f,-100,歩5f
金,4d,香,6d,馬,False,True,False,94,56,600,歩5f,600,歩5f
金,4d,香,6d,龍,False,True,False,94,46,1000,歩5f,1000,歩5f
金,4d,桂,6d,歩,False,False,True,94,75,0,香5g,0,香5g
金,4d,桂,6d,香,False,False,True,94,65,0,香5g,0,香5g
金,4d,桂,6d,桂,False,False,True,94,83,0,香5g,0,香5g
金,4d,桂,6d,銀,False,True,False,94,71,-200,香5g,-200,香5g
金,4d,桂,6d,金,False,True,False,94,65,0,香5g,0,香5g
金,4d,桂,6d,角,False,True,False,94,79,400,香5g,400,香5g
金,4d,桂,6d,飛,False,False,True,94,57,0,香5g,0,香5g
金,4d,桂,6d,と,False,True,False,94,65,-500,香5g,-500,香5g
金,4d,桂,6d,成香,False,True,False,94,65,-300,香5g,-300,香5g
金,4d,桂,6d,成桂,False,True,False,94,65,-300,香5g,-300,香5g
金,4d,桂,6d,成銀,False,True,False,94,65,-100,香5g,-100,香5g
金,4d,桂,6d,馬,False,True,False,94,63,600,香5g,600,香5g
金,4d,桂,6d,龍,False,True,False,94,53,1000,香5g,1000,香5g
金,4d,銀,6d,歩,True,False,False,94,74,-200,歩5f,-200,歩5f
金,4d,銀,6d,香,True,False,False,94,64,-200,歩5f,-200,歩5f
金,4d,銀,6d,桂,True,False,False,94,71,-200,香5g,-200,香5g
金,4d,銀,6d,銀,True,True,False,94,72,-200,歩5f,-400,歩5f
金,4d,銀,6d,金,True,True,False,94,64,-200,歩5f,-400,歩5f
金,4d,銀,6d,角,True,True,False,94,80,-200,歩5f,-400,歩5f
金,4d,銀,6d,飛,True,False,False,94,56,-200,歩5f,-200,歩5f
金,4d,銀,6d,と,True,True,False,94,64,-500,歩5f,-700,歩5f
金,4d,銀,6d,成香,True,True,False,94,64,-300,歩5f,-500,歩5f
金,4d,銀,6d,成桂,True,True,False,94,64,-300,歩5f,-500,歩5f
金,4d,銀,6d,成銀,True,True,False,94,64,-200,歩5f,-400,歩5f
金,4d,銀,6d,馬,True,True,False,94,64,-200,歩5f,-400,歩5f
金,4d,銀,6d,龍,True,True,False,94,54,-200,歩5f,-400,歩5f
金,4d,金,6d,歩,True,False,False,94,68,0,歩5f,0,歩5f
金,4d,金,6d,香,True,False,False,94,58,0,歩5f,0,歩5f
金,4d,金,6d,桂,True,False,False,94,65,0,香5g,0,香5g
金,4d,金,6d,銀,True,True,False,94,64,-200,歩5f,-400,歩5f
金,4d,金,6d,金,True,True,False,94,66,0,歩5f,-200,歩5f
金,4d,金,6d,角,True,True,False,94,72,0,歩5f,-200,歩5f
金,4d,金,6d,飛,True,False,False,94,58,0,歩5f,0,歩5f
金,4d,金,6d,と,True,True,False,94,66,-500,歩5f,-700,歩5f
金,4d,金,6d,成香,True,True,False,94,66,-300,歩5f,-500,歩5f
金,4d,金,6d,成桂,True,True,False,94,66,-300,歩5f,-500,歩5f
金,4d,金,6d,成銀,True,True,False,94,66,-100,歩5f,-300,歩5f
金,4d,金,6d,馬,True,True,False,94,64,0,歩5f,-200,歩5f
金,4d,金,6d,龍,True,True,False,94,54,0,歩5f,-200,歩5f
金,4d,角,6d,歩,True,False,False,94,82,400,歩5f,400,歩5f
金,4d,角,6d,香,True,False,False,94,72,400,歩5f,400,歩5f
金,4d,角,6d,桂,True,False,False,94,79,400,香5g,400,香5g
金,4d,角,6d,銀,True,True,False,94,80,-200,歩5f,-400,歩5f
金,4d,角,6d,金,True,True,False,94,72,0,歩5f,-200,歩5f
金,4d,角,6d,角,True,True,False,94,88,400,歩5f,200,歩5f
金,4d,角,6d,飛,True,False,False,94,64,400,歩5f,400,歩5f
金,4d,角,6d,と,True,True,False,94,72,-500,歩5f,-700,歩5f
金,4d,角,6d,成香,True,True,False,94,72,-300,歩5f,-500,歩5f
金,4d,角,6d,成桂,True,True,False,94,72,-300,歩5f,-500,歩5f
金,4d,角,6d,成銀,True,True,False,94,72,-100,歩5f,-300,歩5f
金,4d,角,6d,馬,True,True,False,94,72,400,歩5f,200,歩5f
金,4d,角,6d,龍,True,True,False,94,62,400,歩5f,200,歩5f
金,4d,飛,6d,歩,False,False,True,94,60,0,歩5f,0,歩5f
金,4d,飛,6d,香,False,False,True,94,50,0,歩5f,0,歩5f
金,4d,飛,6d,桂,False,False,True,94,57,0,香5g,0,香5g
金,4d,飛,6d,銀,False,True,False,94,56,-200,歩5f,-200,歩5f
金,4d,飛,6d,金,False,True,False,94,58,0,歩5f,0,歩5f
金,4d,飛,6d,角,False,True,False,94,64,400,歩5f,400,歩5f
金,4d,飛,6d,飛,False,False,True,94,50,0,歩5f,0,歩5f
金,4d,飛,6d,と,False,True,False,94,58,-500,歩5f,-500,歩5f
金,4d,飛,6d,成香,False,True,False,94,58,-300,歩5f,-300,歩5f
金,4d,飛,6d,成桂,False,True,False,94,58,-300,歩5f,-300,歩5f
金,4d,飛,6d,成銀,False,True,False,94,58,-100,歩5f,-100,歩5f
金,4d,飛,6d,馬,False,True,False,94,56,600,歩5f,600,歩5f
金,4d,飛,6d,龍,False,True,False,94,46,1000,歩5f,1000,歩5f
金,4d,と,6d,歩,True,False,False,94,68,-500,歩5f,-500,歩5f
金,4d,と,6d,香,True,False,False,94,58,-500,歩5f,-500,歩5f
金,4d,と,6d,桂,True,False,False,94,65,-500,香5g,-500,香5g
金,4d,と,6d,銀,True,True,False,94,64,-500,歩5f,-700,歩5f
金,4d,と,6d,金,True,True,False,94,66,-500,歩5f,-700,歩5f
金,4d,と,6d,角,True,True,False,94,72,-500,歩5f,-700,歩5f
金,4d,と,6d,飛,True,False,False,94,58,-500,歩5f,-500,歩5f
金,4d,と,6d,と,True,True,False,94,66,-500,歩5f,-700,歩5f
金,4d,と,6d,成香,True,True,False,94,66,-500,歩5f,-700,歩5f
金,4d,と,6d,成桂,True,True,False,94,66,-500,歩5f,-700,歩5f
金,4d,と,6d,成銀,True,True,False,94,66,-500,歩5f,-700,歩5f
金,4d,と,6d,馬,True,True,False,94,64,-500,歩5f,-700,歩5f
金,4d,と,6d,龍,True,True,False,94,54,-500,歩5f,-700,歩5f
金,4d,成香,6d,歩,True,False,False,94,68,-300,歩5f,-300,歩5f
金,4d,成香,6d,香,True,False,False,94,58,-300,歩5f,-300,歩5f
金,4d,成香,6d,桂,True,False,False,94,65,-300,香5g,-300,香5g
金,4d,成香,6d,銀,True,True,False,94,64,-300,歩5f,-500,歩5f
金,4d,成香,6d,金,True,True,False,94,66,-300,歩5f,-500,歩5f
金,4d,成香,6d,角,True,True,False,94,72,-300,歩5f,-500,歩5f
金,4d,成香,6d,飛,True,False,False,94,58,-300,歩5f,-300,歩5f
金,4d,成香,6d,と,True,True,False,94,66,-500,歩5f,-700,歩5f
金,4d,成香,6d,成香,True,True,False,94,66,-300,歩5f,-500,歩5f
金,4d,成香,6d,成桂,True,True,False,94,66,-300,歩5f,-500,歩5f
金,4d,成香,6d,成銀,True,True,False,94,66,-300,歩5f,-500,歩5f
金,4d,成香,6d,馬,True,True,False,94,64,-300,歩5f,-500,歩5f
金,4d,成香,6d,龍,True,True,False,94,54,-300,歩5f,-500,歩5f
金,4d,成桂,6d,歩,True,False,False,94,68,-300,歩5f,-300,歩5f
金,4d,成桂,6d,香,True,False,False,94,58,-300,歩5f,-300,歩5f
金,4d,成桂,6d,桂,True,False,False,94,65,-300,香5g,-300,香5g
金,4d,成桂,6d,銀,True,True,False,94,64,-300,歩5f,-500,歩5f
金,4d,成桂,6d,金,True,True,False,94,66,-300,歩5f,-500,歩5f
金,4d,成桂,6d,角,True,True,False,94,72,-300,歩5f,-500,歩5f
金,4d,成桂,6d,飛,True,False,False,94,58,-300,歩5f,-300,歩5f
金,4d,成桂,6d,と,True,True,False,94,66,-500,歩5f,-700,歩5f
金,4d,成桂,6d,成香,True,True,False,94,66,-300,歩5f,-500,歩5f
金,4d,成桂,6d,成桂,True,True,False,94,66,-300,歩5f,-500,歩5f
金,4d,成桂,6d,成銀,True,True,False,94,66,-300,歩5f,-500,歩5f
金,4d,成桂,6d,馬,True,True,False,94,64,-300,歩5f,-500,歩5f
金,4d,成桂,6d,龍,True,True,False,94,54,-300,歩5f,-500,歩5f
金,4d,成銀,6d,歩,True,False,False,94,68,-100,歩5f,-100,歩5f
金,4d,成銀,6d,香,True,False,False,94,58,-100,歩5f,-100,歩5f
金,4d,成銀,6d,桂,True,False,False,94,65,-100,香5g,-100,香5g
金,4d,成銀,6d,銀,True,True,False,94,64,-200,歩5f,-400,歩5f
金,4d,成銀,6d,金,True,True,False,94,66,-100,歩5f,-300,歩5f
金,4d,成銀,6d,角,True,True,False,94,72,-100,歩5f,-300,歩5f
金,4d,成銀,6d,飛,True,False,False,94,58,-100,歩5f,-100,歩5f
金,4d,成銀,6d,と,True,True,False,94,66,-500,歩5f,-700,歩5f
金,4d,成銀,6d,成香,True,True,False,94,66,-300,歩5f,-500,歩5f
金,4d,成銀,6d,成桂,True,True,False,94,66,-300,歩5f,-500,歩5f
金,4d,成銀,6d,成銀,True,True,False,94,66,-100,歩5f,-300,歩5f
金,4d,成銀,6d,馬,True,True,False,94,64,-100,歩5f,-300,歩5f
金,4d,成銀,6d,龍,True,True,False,94,54,-100,歩5f,-300,歩5f
金,4d,馬,6d,歩,True,False,False,94,66,600,歩5f,600,歩5f
金,4d,馬,6d,香,True,False,False,94,56,600,歩5f,600,歩5f
金,4d,馬,6d,桂,True,False,False,94,63,600,香5g,600,香5g
金,4d,馬,6d,銀,True,True,False,94,64,-200,歩5f,-400,歩5f
金,4d,馬,6d,金,True,True,False,94,64,0,歩5f,-200,歩5f
金,4d,馬,6d,角,True,True,False,94,72,400,歩5f,200,歩5f
金,4d,馬,6d,飛,True,False,False,94,56,600,歩5f,600,歩5f
金,4d,馬,6d,と,True,True,False,94,64,-500,歩5f,-700,歩5f
金,4d,馬,6d,成香,True,True,False,94,64,-300,歩5f,-500,歩5f
金,4d,馬,6d,成桂,True,True,False,94,64,-300,歩5f,-500,歩5f
金,4d,馬,6d,成銀,True,True,False,94,64,-100,歩5f,-300,歩5f
金,4d,馬,6d,馬,True,True,False,94,64,600,歩5f,400,歩5f
金,4d,馬,6d,龍,True,True,False,94,54,600,歩5f,400,歩5f
金,4d,龍,6d,歩,True,False,False,94,56,1000,歩5f,1000,歩5f
金,4d,龍,6d,香,True,False,False,94,46,1000,歩5f,1000,歩5f
金,4d,龍,6d,桂,True,False,False,94,53,1000,香5g,1000,香5g
金,4d,龍,6d,銀,True,True,False,94,54,-200,歩5f,-400,歩5f
金,4d,龍,6d,金,True,True,False,94,54,0,歩5f,-200,歩5f
金,4d,龍,6d,角,True,True,False,94,62,400,歩5f,200,歩5f
金,4d,龍,6d,飛,True,False,False,94,46,1000,歩5f,1000,歩5f
金,4d,龍,6d,と,True,True,False,94,54,-500,歩5f,-700,歩5f
金,4d,龍,6d,成香,True,True,False,94,54,-300,歩5f,-500,歩5f
金,4d,龍,6d,成桂,True,True,False,94,54,-300,歩5f,-500,歩5f
金,4d,龍,6d,成銀,True,True,False,94,54,-100,歩5f,-300,歩5f
金,4d,龍,6d,馬,True,True,False,94,54,600,歩5f,400,歩5f
金,4d,龍,6d,龍,True,True,False,94,44,1000,歩5f,800,歩5f
金,4d,歩,4e,歩,False,False,True,90,81,0,歩5f,0,歩5f
金,4d,歩,4e,香,False,False,True,90,80,0,歩5f,0,歩5f
金,4d,歩,4e,桂,False,False,True,90,85,0,歩5f,0,歩5f
金,4d,歩,4e,銀,False,False,True,90,62,0,香5g,0,香5g
金,4d,歩,4e,金,False,True,False,90,70,0,香5g,0,香5g
金,4d,歩,4e,角,False,False,True,90,70,0,香5g,0,香5g
金,4d,歩,4e,飛,False,True,False,90,80,800,歩5f,800,歩5f
金,4d,歩,4e,と,False,True,False,90,70,-500,香5g,-500,香5g
金,4d,歩,4e,成香,False,True,False,90,70,-300,香5g,-300,香5g
金,4d,歩,4e,成桂,False,True,False,90,70,-300,香5g,-300,香5g
金,4d,歩,4e,成銀,False,True,False,90,70,-100,香5g,-100,香5g
金,4d,歩,4e,馬,False,True,False,90,61,600,香5g,600,香5g
金,4d,歩,4e,龍,False,True,False,90,61,1000,香5g,1000,香5g
金,4d,香,4e,歩,False,False,True,90,81,0,歩5f,0,歩5f
金,4d,香,4e,香,False,False,True,90,80,0,歩5f,0,歩5f
金,4d,香,4e,桂,False,False,True,90,85,0,歩5f,0,歩5f
金,4d,香,4e,銀,False,False,True,90,62,0,香5g,0,香5g
金,4d,香,4e,金,False,True,False,90,70,0,香5g,0,香5g
金,4d,香,4e,角,False,False,True,90,70,0,香5g,0,香5g
金,4d,香,4e,飛,False,True,False,90,80,800,歩5f,800,歩5f
金,4d,香,4e,と,False,True,False,90,70,-500,香5g,-500,香5g
金,4d,香,4e,成香,False,True,False,90,70,-300,香5g,-300,香5g
金,4d,香,4e,成桂,False,True,False,90,70,-300,香5g,-300,香5g
金,4d,香,4e,成銀,False,True,False,90,70,-100,香5g,-100,香5g
金,4d,香,4e,馬,False,True,False,90,61,600,香5g,600,香5g
金,4d,香,4e,龍,False,True,False,90,61,1000,香5g,1000,香5g
金,4d,桂,4e,歩,False,False,True,90,70,0,香5g,0,香5g
金,4d,桂,4e,香,False,False,True,90,69,0,香5g,0,香5g
金,4d,桂,4e,桂,False,False,True,90,74,0,香5h,0,香5h
金,4d,桂,4e,銀,False,False,True,90,62,0,香5g,0,香5g
金,4d,桂,4e,金,False,True,False,90,70,0,香5g,0,香5g
金,4d,桂,4e,角,False,False,True,90,70,0,香5g,0,香5g
金,4d,桂,4e,飛,False,True,False,90,69,800,香5g,800,香5g
金,4d,桂,4e,と,False,True,False,90,70,-500,香5g,-500,香5g
金,4d,桂,4e,成香,False,True,False,90,70,-300,香5g,-300,香5g
金,4d,桂,4e,成桂,False,True,False,90,70,-300,香5g,-300,香5g
金,4d,桂,4e,成銀,False,True,False,90,70,-100,香5g,-100,香5g
金,4d,桂,4e,馬,False,True,False,90,61,600,香5g,600,香5g
金,4d,桂,4e,龍,False,True,False,90,61,1000,香5g,1000,香5g
金,4d,銀,4e,歩,True,False,False,90,79,-200,歩5f,-200,歩5f
金,4d,銀,4e,香,True,False,False,90,78,-200,歩5f,-200,歩5f
金,4d,銀,4e,桂,True,False,False,90,83,-200,歩5f,-200,歩5f
金,4d,銀,4e,銀,True,False,False,90,60,-200,香5g,-200,香5g
金,4d,銀,4e,金,True,True,False,90,68,-200,香5g,-800,香5g
金,4d,銀,4e,角,True,False,False,90,68,-200,香5g,-200,香5g
金,4d,銀,4e,飛,True,True,False,90,78,-200,歩5f,-400,歩5f
金,4d,銀,4e,と,True,True,False,90,68,-500,香5g,-1100,香5g
金,4d,銀,4e,成香,True,True,False,90,68,-300,香5g,-900,香5g
金,4d,銀,4e,成桂,True,True,False,90,68,-300,香5g,-900,香5g
金,4d,銀,4e,成銀,True,True,False,90,68,-200,香5g,-800,香5g
金,4d,銀,4e,馬,True,True,False,90,59,-200,香5g,-800,香5g
金,4d,銀,4e,龍,True,True,False,90,59,-200,香5g,-800,香5g
金,4d,金,4e,歩,True,False,False,90,73,0,歩5f,0,歩5f
金,4d,金,4e,香,True,False,False,90,72,0,歩5f,0,歩5f
金,4d,金,4e,桂,True,False,False,90,77,0,歩5f,0,歩5f
金,4d,金,4e,銀,True,False,False,90,62,0,香5g,0,香5g
金,4d,金,4e,金,True,True,False,90,62,0,香5g,-600,香5g
金,4d,金,4e,角,True,False,False,90,70,0,香5g,0,香5g
金,4d,金,4e,飛,True,True,False,90,72,0,歩5f,-200,歩5f
金,4d,金,4e,と,True,True,False,90,62,-500,香5g,-1100,香5g
金,4d,金,4e,成香,True,True,False,90,62,-300,香5g,-900,香5g
金,4d,金,4e,成桂,True,True,False,90,62,-300,香5g,-900,香5g
金,4d,金,4e,成銀,True,True,False,90,62,-100,香5g,-700,香5g
金,4d,金,4e,馬,True,True,False,90,61,0,香5g,-600,香5g
金,4d,金,4e,龍,True,True,False,90,61,0,香5g,-600,香5g
金,4d,角,4e,歩,True,False,False,90,79,400,歩5f,400,歩5f
金,4d,角,4e,香,True,False,False,90,78,400,歩5f,400,歩5f
金,4d,角,4e,桂,True,False,False,90,83,400,歩5f,400,歩5f
金,4d,角,4e,銀,True,False,False,90,60,400,香5g,400,香5g
金,4d,角,4e,金,True,True,False,90,68,0,香5g,-600,香5g
金,4d,角,4e,角,True,False,False,90,68,400,香5g,400,香5g
金,4d,角,4e,飛,True,True,False,90,78,400,歩5f,200,歩5f
金,4d,角,4e,と,True,True,False,90,68,-500,香5g,-1100,香5g
金,4d,角,4e,成香,True,True,False,90,68,-300,香5g,-900,香5g
金,4d,角,4e,成桂,True,True,False,90,68,-300,香5g,-900,香5g
金,4d,角,4e,成銀,True,True,False,90,68,-100,香5g,-700,香5g
金,4d,角,4e,馬,True,True,False,90,59,400,香5g,-200,香5g
金,4d,角,4e,龍,True,True,False,90,59,400,香5g,-200,香5g
金,4d,飛,4e,歩,False,False,True,90,69,0,歩5f,0,歩5f
金,4d,飛,4e,香,False,False,True,90,68,0,歩5f,0,歩5f
金,4d,飛,4e,桂,False,False,True,90,73,0,歩5f,0,歩5f
金,4d,飛,4e,銀,False,False,True,90,58,0,香5g,0,香5g
金,4d,飛,4e,金,False,True,False,90,58,0,香5g,0,香5g
金,4d,飛,4e,角,False,False,True,90,66,0,香5g,0,香5g
金,4d,飛,4e,飛,False,True,False,90,68,800,歩5f,800,歩5f
金,4d,飛,4e,と,False,True,False,90,58,-500,香5g,-500,香5g
金,4d,飛,4e,成香,False,True,False,90,58,-300,香5g,-300,香5g
金,4d,飛,4e,成桂,False,True,False,90,58,-300,香5g,-300,香5g
金,4d,飛,4e,成銀,False,True,False,90,58,-100,香5g,-100,香5g
金,4d,飛,4e,馬,False,True,False,90,57,600,香5g,600,香5g
金,4d,飛,4e,龍,False,True,False,90,57,1000,香5g,1000,香5g
金,4d,と,4e,歩,True,False,False,90,73,-500,歩5f,-500,歩5f
金,4d,と,4e,香,True,False,False,90,72,-500,歩5f,-500,歩5f
金,4d,と,4e,桂,True,False,False,90,77,-500,歩5f,-500,歩5f
金,4d,と,4e,銀,True,False,False,90,62,-500,香5g,-500,香5g
金,4d,と,4e,金,True,True,False,90,62,-500,香5g,-1100,香5g
金,4d,と,4e,角,True,False,False,90,70,-500,香5g,-500,香5g
金,4d,と,4e,飛,True,True,False,90,72,-500,歩5f,-700,歩5f
金,4d,と,4e,と,True,True,False,90,62,-500,香5g,-1100,香5g
金,4d,と,4e,成香,True,True,False,90,62,-500,香5g,-1100,香5g
金,4d,と,4e,成桂,True,True,False,90,62,-500,香5g,-1100,香5g
金,4d,と,4e,成銀,True,True,False,90,62,-500,香5g,-1100,香5g
金,4d,と,4e,馬,True,True,False,90,61,-500,香5g,-1100,香5g
金,4d,と,4e,龍,True,True,False,90,61,-500,香5g,-1100,香5g
金,4d,成香,4e,歩,True,False,False,90,73,-300,歩5f,-300,歩5f
金,4d,成香,4e,香,True,False,False,90,72,-300,歩5f,-300,歩5f
金,4d,成香,4e,桂,True,False,False,90,77,-300,歩5f,-300,歩5f
金,4d,成香,4e,銀,True,False,False,90,62,-300,香5g,-300,香5g
金,4d,成香,4e,金,True,True,False,90,62,-300,香5g,-900,香5g
金,4d,成香,4e,角,True,False,False,90,70,-300,香5g,-300,香5g
金,4d,成香,4e,飛,True,True,False,90,72,-300,歩5f,-500,歩5f
金,4d,成香,4e,と,True,True,False,90,62,-500,香5g,-1100,香5g
金,4d,成香,4e,成香,True,True,False,90,62,-300,香5g,-900,香5g
金,4d,成香,4e,成桂,True,True,False,90,62,-300,香5g,-900,香5g
金,4d,成香,4e,成銀,True,True,False,90,62,-300,香5g,-900,香5g
金,4d,成香,4e,馬,True,True,False,90,61,-300,香5g,-900,香5g
金,4d,成香,4e,龍,True,True,False,90,61,-300,香5g,-900,香5g
金,4d,成桂,4e,歩,True,False,False,90,73,-300,歩5f,-300,歩5f
金,4d,成桂,4e,香,True,False,False,90,72,-300,歩5f,-300,歩5f
金,4d,成桂,4e,桂,True,False,False,90,77,-300,歩5f,-300,歩5f
金,4d,成桂,4e,銀,True,False,False,90,62,-300,香5g,-300,香5g
金,4d,成桂,4e,金,True,True,False,90,62,-300,香5g,-900,香5g
金,4d,成桂,4e,角,True,False,False,90,70,-300,香5g,-300,香5g
金,4d,成桂,4e,飛,True,True,False,90,72,-300,歩5f,-500,歩5f
金,4d,成桂,4e,と,True,True,False,90,62,-500,香5g,-1100,香5g
金,4d,成桂,4e,成香,True,True,False,90,62,-300,香5g,-900,香5g
金,4d,成桂,4e,成桂,True,True,False,90,62,-300,香5g,-900,香5g
金,4d,成桂,4e,成銀,True,True,False,90,62,-300,香5g,-900,香5g
金,4d,成桂,4e,馬,True,True,False,90,61,-300,香5g,-900,香5g
金,4d,成桂,4e,龍,True,True,False,90,61,-300,香5g,-900,香5g
金,4d,成銀,4e,歩,True,False,False,90,73,-100,歩5f,-100,歩5f
金,4d,成銀,4e,香,True,False,False,90,72,-100,歩5f,-100,歩5f
金,4d,成銀,4e,桂,True,False,False,90,77,-100,歩5f,-100,歩5f
金,4d,成銀,4e,銀,True,False,False,90,62,-100,香5g,-100,香5g
金,4d,成銀,4e,金,True,True,False,90,62,-100,香5g,-700,香5g
金,4d,成銀,4e,角,True,False,False,90,70,-100,香5g,-100,香5g
金,4d,成銀,4e,飛,True,True,False,90,72,-100,歩5f,-300,歩5f
金,4d,成銀,4e,と,True,True,False,90,62,-500,香5g,-1100,香5g
金,4d,成銀,4e,成香,True,True,False,90,62,-300,香5g,-900,香5g
金,4d,成銀,4e,成桂,True,True,False,90,62,-300,香5g,-900,香5g
金,4d,成銀,4e,成銀,True,True,False,90,62,-100,香5g,-700,香5g
金,4d,成銀,4e,馬,True,True,False,90,61,-100,香5g,-700,香5g
金,4d,成銀,4e,龍,True,True,False,90,61,-100,香5g,-700,香5g
金,4d,馬,4e,歩,True,False,False,90,71,600,歩5f,600,歩5f
金,4d,馬,4e,香,True,False,False,90,70,600,歩5f,600,歩5f
金,4d,馬,4e,桂,True,False,False,90,75,600,歩5f,600,歩5f
金,4d,馬,4e,銀,True,False,False,90,60,600,香5g,600,香5g
金,4d,馬,4e,金,True,True,False,90,60,0,香5g,-600,香5g
金,4d,馬,4e,角,True,False,False,90,68,600,香5g,600,香5g
金,4d,馬,4e,飛,True,True,False,90,70,600,歩5f,400,歩5f
金,4d,馬,4e,と,True,True,False,90,60,-500,香5g,-1100,香5g
金,4d,馬,4e,成香,True,True,False,90,60,-300,香5g,-900,香5g
金,4d,馬,4e,成桂,True,True,False,90,60,-300,香5g,-900,香5g
金,4d,馬,4e,成銀,True,True,False,90,60,-100,香5g,-700,香5g
金,4d,馬,4e,馬,True,True,False,90,59,600,香5g,0,香5g
金,4d,馬,4e,龍,True,True,False,90,59,600,香5g,0,香5g
金,4d,龍,4e,歩,True,False,False,90,67,1000,歩5f,1000,歩5f
金,4d,龍,4e,香,True,False,False,90,66,1000,歩5f,1000,歩5f
金,4d,龍,4e,桂,True,False,False,90,71,1000,歩5f,1000,歩5f
金,4d,龍,4e,銀,True,False,False,90,56,1000,香5g,1000,香5g
金,4d,龍,4e,金,True,True,False,90,56,0,香5g,-600,香5g
金,4d,龍,4e,角,True,False,False,90,64,1000,香5g,1000,香5g
金,4d,龍,4e,飛,True,True,False,90,66,800,歩5f,600,歩5f
金,4d,龍,4e,と,True,True,False,90,56,-500,香5g,-1100,香5g
金,4d,龍,4e,成香,True,True,False,90,56,-300,香5g,-900,香5g
金,4d,龍,4e,成桂,True,True,False,90,56,-300,香5g,-900,香5g
金,4d,龍,4e,成銀,True,True,False,90,56,-100,香5g,-700,香5g
金,4d,龍,4e,馬,True,True,False,90,55,600,香5g,0,香5g
金,4d,龍,4e,龍,True,True,False,90,55,1000,香5g,400,香5g
金,4d,歩,6e,歩,False,False,True,90,73,0,歩5f,0,歩5f
金,4d,歩,6e,香,False,False,True,90,72,0,歩5f,0,歩5f
金,4d,歩,6e,桂,False,False,True,90,77,0,歩5f,0,歩5f
金,4d,歩,6e,銀,False,False,True,90,54,0,香5g,0,香5g
金,4d,歩,6e,金,False,True,False,90,58,0,香5g,0,香5g
金,4d,歩,6e,角,False,False,True,90,62,0,香5g,0,香5g
金,4d,歩,6e,飛,False,True,False,90,68,800,歩5f,800,歩5f
金,4d,歩,6e,と,False,True,False,90,58,-500,香5g,-500,香5g
金,4d,歩,6e,成香,False,True,False,90,58,-300,香5g,-300,香5g
金,4d,歩,6e,成桂,False,True,False,90,58,-300,香5g,-300,香5g
金,4d,歩,6e,成銀,False,True,False,90,58,-100,香5g,-100,香5g
金,4d,歩,6e,馬,False,True,False,90,49,600,香5g,600,香5g
金,4d,歩,6e,龍,False,True,False,90,49,1000,香5g,1000,香5g
金,4d,香,6e,歩,False,False,True,90,63,0,歩5f,0,歩5f
金,4d,香,6e,香,False,False,True,90,62,0,歩5f,0,歩5f
金,4d,香,6e,桂,False,False,True,90,67,0,歩5f,0,歩5f
金,4d,香,6e,銀,False,False,True,90,44,0,香5g,0,香5g
金,4d,香,6e,金,False,True,False,90,48,0,香5g,0,香5g
金,4d,香,6e,角,False,False,True,90,53,0,香5g,0,香5g
金,4d,香,6e,飛,False,True,False,90,58,800,歩5f,800,歩5f
金,4d,香,6e,と,False,True,False,90,48,-500,香5g,-500,香5g
金,4d,香,6e,成香,False,True,False,90,48,-300,香5g,-300,香5g
金,4d,香,6e,成桂,False,True,False,90,48,-300,香5g,-300,香5g
金,4d,香,6e,成銀,False,True,False,90,48,-100,香5g,-100,香5g
金,4d,香,6e,馬,False,True,False,90,40,600,香5g,600,香5g
金,4d,香,6e,龍,False,True,False,90,39,1000,香5g,1000,香5g
金,4d,桂,6e,歩,False,False,True,90,70,0,香5g,0,香5g
金,4d,桂,6e,香,False,False,True,90,69,0,香5g,0,香5g
金,4d,桂,6e,桂,False,False,True,90,74,0,香5h,0,香5h
金,4d,桂,6e,銀,False,False,True,90,62,0,香5g,0,香5g
金,4d,桂,6e,金,False,True,False,90,66,0,香5g,0,香5g
金,4d,桂,6e,角,False,False,True,90,70,0,香5g,0,香5g
金,4d,桂,6e,飛,False,True,False,90,65,800,香5g,800,香5g
金,4d,桂,6e,と,False,True,False,90,66,-500,香5g,-500,香5g
金,4d,桂,6e,成香,False,True,False,90,66,-300,香5g,-300,香5g
金,4d,桂,6e,成桂,False,True,False,90,66,-300,香5g,-300,香5g
金,4d,桂,6e,成銀,False,True,False,90,66,-100,香5g,-100,香5g
金,4d,桂,6e,馬,False,True,False,90,57,600,香5g,600,香5g
金,4d,桂,6e,龍,False,True,False,90,57,1000,香5g,1000,香5g
金,4d,銀,6e,歩,True,False,False,90,69,-200,歩5f,-200,歩5f
金,4d,銀,6e,香,True,False,False,90,68,-200,歩5f,-200,歩5f
金,4d,銀,6e,桂,True,False,False,90,73,-200,歩5f,-200,歩5f
金,4d,銀,6e,銀,True,False,False,90,50,-200,香5g,-200,香5g
金,4d,銀,6e,金,True,True,False,90,54,-200,香5g,-800,香5g
金,4d,銀,6e,角,True,False,False,90,58,-200,香5g,-200,香5g
金,4d,銀,6e,飛,True,True,False,90,64,-200,歩5f,-400,歩5f
金,4d,銀,6e,と,True,True,False,90,54,-500,香5g,-1100,香5g
金,4d,銀,6e,成香,True,True,False,90,54,-300,香5g,-900,香5g
金,4d,銀,6e,成桂,True,True,False,90,54,-300,香5g,-900,香5g
金,4d,銀,6e,成銀,True,True,False,90,54,-200,香5g,-800,香5g
金,4d,銀,6e,馬,True,True,False,90,45,-200,香5g,-800,香5g
金,4d,銀,6e,龍,True,True,False,90,45,-200,香5g,-800,香5g
金,4d,金,6e,歩,True,False,False,90,63,0,歩5f,0,歩5f
金,4d,金,6e,香,True,False,False,90,62,0,歩5f,0,歩5f
金,4d,金,6e,桂,True,False,False,90,67,0,歩5f,0,歩5f
金,4d,金,6e,銀,True,False,False,90,52,0,香5g,0,香5g
金,4d,金,6e,金,True,True,False,90,48,0,香5g,-600,香5g
金,4d,金,6e,角,True,False,False,90,60,0,香5g,0,香5g
金,4d,金,6e,飛,True,True,False,90,58,0,歩5f,-200,歩5f
金,4d,金,6e,と,True,True,False,90,48,-500,香5g,-1100,香5g
金,4d,金,6e,成香,True,True,False,90,48,-300,香5g,-900,香5g
金,4d,金,6e,成桂,True,True,False,90,48,-300,香5g,-900,香5g
金,4d,金,6e,成銀,True,True,False,90,48,-100,香5g,-700,香5g
金,4d,金,6e,馬,True,True,False,90,47,0,香5g,-600,香5g
金,4d,金,6e,龍,True,True,False,90,47,0,香5g,-600,香5g
金,4d,角,6e,歩,True,False,False,90,77,400,歩5f,400,歩5f
金,4d,角,6e,香,True,False,False,90,76,400,歩5f,400,歩5f
金,4d,角,6e,桂,True,False,False,90,81,400,歩5f,400,歩5f
金,4d,角,6e,銀,True,False,False,90,58,400,香5g,400,香5g
金,4d,角,6e,金,True,True,False,90,62,0,香5g,-600,香5g
金,4d,角,6e,角,True,False,False,90,66,400,香5g,400,香5g
金,4d,角,6e,飛,True,True,False,90,72,400,歩5f,200,歩5f
金,4d,角,6e,と,True,True,False,90,62,-500,香5g,-1100,香5g
金,4d,角,6e,成香,True,True,False,90,62,-300,香5g,-900,香5g
金,4d,角,6e,成桂,True,True,False,90,62,-300,香5g,-900,香5g
金,4d,角,6e,成銀,True,True,False,90,62,-100,香5g,-700,香5g
金,4d,角,6e,馬,True,True,False,90,53,400,香5g,-200,香5g
金,4d,角,6e,龍,True,True,False,90,53,400,香5g,-200,香5g
金,4d,飛,6e,歩,False,False,True,90,51,0,歩5f,0,歩5f
金,4d,飛,6e,香,False,False,True,90,50,0,歩5f,0,歩5f
金,4d,飛,6e,桂,False,False,True,90,55,0,歩5f,0,歩5f
金,4d,飛,6e,銀,False,False,True,90,40,0,香5g,0,香5g
金,4d,飛,6e,金,False,True,False,90,40,0,香5g,0,香5g
金,4d,飛,6e,角,False,False,True,90,49,0,香5g,0,香5g
金,4d,飛,6e,飛,False,True,False,90,50,800,歩5f,800,歩5f
金,4d,飛,6e,と,False,True,False,90,40,-500,香5g,-500,香5g
金,4d,飛,6e,成香,False,True,False,90,40,-300,香5g,-300,香5g
金,4d,飛,6e,成桂,False,True,False,90,40,-300,香5g,-300,香5g
金,4d,飛,6e,成銀,False,True,False,90,40,-100,香5g,-100,香5g
金,4d,飛,6e,馬,False,True,False,90,40,600,香5g,600,香5g
金,4d,飛,6e,龍,False,True,False,90,39,1000,香5g,1000,香5g
金,4d,と,6e,歩,True,False,False,90,63,-500,歩5f,-500,歩5f
金,4d,と,6e,香,True,False,False,90,62,-500,歩5f,-500,歩5f
金,4d,と,6e,桂,True,False,False,90,67,-500,歩5f,-500,歩5f
金,4d,と,6e,銀,True,False,False,90,52,-500,香5g,-500,香5g
金,4d,と,6e,金,True,True,False,90,48,-500,香5g,-1100,香5g
金,4d,と,6e,角,True,False,False,90,60,-500,香5g,-500,香5g
金,4d,と,6e,飛,True,True,False,90,58,-500,歩5f,-700,歩5f
金,4d,と,6e,と,True,True,False,90,48,-500,香5g,-1100,香5g
金,4d,と,6e,成香,True,True,False,90,48,-500,香5g,-1100,香5g
金,4d,と,6e,成桂,True,True,False,90,48,-500,香5g,-1100,香5g
金,4d,と,6e,成銀,True,True,False,90,48,-500,香5g,-1100,香5g
金,4d,と,6e,馬,True,True,False,90,47,-500,香5g,-1100,香5g
金,4d,と,6e,龍,True,True,False,90,47,-500,香5g,-1100,香5g
金,4d,成香,6e,歩,True,False,False,90,63,-300,歩5f,-300,歩5f
金,4d,成香,6e,香,True,False,False,90,62,-300,歩5f,-300,歩5f
金,4d,成香,6e,桂,True,False,False,90,67,-300,歩5f,-300,歩5f
金,4d,成香,6e,銀,True,False,False,90,52,-300,香5g,-300,香5g
金,4d,成香,6e,金,True,True,False,90,48,-300,香5g,-900,香5g
金,4d,成香,6e,角,True,False,False,90,60,-300,香5g,-300,香5g
金,4d,成香,6e,飛,True,True,False,90,58,-300,歩5f,-500,歩5f
金,4d,成香,6e,と,True,True,False,90,48,-500,香5g,-1100,香5g
金,4d,成香,6e,成香,True,True,False,90,48,-300,香5g,-900,香5g
金,4d,成香,6e,成桂,True,True,False,90,48,-300,香5g,-900,香5g
金,4d,成香,6e,成銀,True,True,False,90,48,-300,香5g,-900,香5g
金,4d,成香,6e,馬,True,True,False,90,47,-300,香5g,-900,香5g
金,4d,成香,6e,龍,True,True,False,90,47,-300,香5g,-900,香5g
金,4d,成桂,6e,歩,True,False,False,90,63,-300,歩5f,-300,歩5f
金,4d,成桂,6e,香,True,False,False,90,62,-300,歩5f,-300,歩5f
金,4d,成桂,6e,桂,True,False,False,90,67,-300,歩5f,-300,歩5f
金,4d,成桂,6e,銀,True,False,False,90,52,-300,香5g,-300,香5g
金,4d,成桂,6e,金,True,True,False,90,48,-300,香5g,-900,香5g
金,4d,成桂,6e,角,True,False,False,90,60,-300,香5g,-300,香5g
金,4d,成桂,6e,飛,True,True,False,90,58,-300,歩5f,-500,歩5f
金,4d,成桂,6e,と,True,True,False,90,48,-500,香5g,-1100,香5g
金,4d,成桂,6e,成香,True,True,False,90,48,-300,香5g,-900,香5g
金,4d,成桂,6e,成桂,True,True,False,90,48,-300,香5g,-900,香5g
金,4d,成桂,6e,成銀,True,True,False,90,48,-300,香5g,-900,香5g
金,4d,成桂,6e,馬,True,True,False,90,47,-300,香5g,-900,香5g
金,4d,成桂,6e,龍,True,True,False,90,47,-300,香5g,-900,香5g
金,4d,成銀,6e,歩,True,False,False,90,63,-100,歩5f,-100,歩5f
金,4d,成銀,6e,香,True,False,False,90,62,-100,歩5f,-100,歩5f
金,4d,成銀,6e,桂,True,False,False,90,67,-100,歩5f,-100,歩5f
金,4d,成銀,6e,銀,True,False,False,90,52,-100,香5g,-100,香5g
金,4d,成銀,6e,金,True,True,False,90,48,-100,香5g,-700,香5g
金,4d,成銀,6e,角,True,False,False,90,60,-100,香5g,-100,香5g
金,4d,成銀,6e,飛,True,True,False,90,58,-100,歩5f,-300,歩5f
金,4d,成銀,6e,と,True,True,False,90,48,-500,香5g,-1100,香5g
金,4d,成銀,6e,成香,True,True,False,90,48,-300,香5g,-900,香5g
金,4d,成銀,6e,成桂,True,True,False,90,48,-300,香5g,-900,香5g
金,4d,成銀,6e,成銀,True,True,False,90,48,-100,香5g,-700,香5g
金,4d,成銀,6e,馬,True,True,False,90,47,-100,香5g,-700,香5g
金,4d,成銀,6e,龍,True,True,False,90,47,-100,香5g,-700,香5g
金,4d,馬,6e,歩,True,False,False,90,61,600,歩5f,600,歩5f
金,4d,馬,6e,香,True,False,False,90,60,600,歩5f,600,歩5f
金,4d,馬,6e,桂,True,False,False,90,65,600,歩5f,600,歩5f
金,4d,馬,6e,銀,True,False,False,90,50,600,香5g,600,香5g
金,4d,馬,6e,金,True,True,False,90,46,0,香5g,-600,香5g
金,4d,馬,6e,角,True,False,False,90,58,600,香5g,600,香5g
金,4d,馬,6e,飛,True,True,False,90,56,600,歩5f,400,歩5f
金,4d,馬,6e,と,True,True,False,90,46,-500,香5g,-1100,香5g
金,4d,馬,6e,成香,True,True,False,90,46,-300,香5g,-900,香5g
金,4d,馬,6e,成桂,True,True,False,90,46,-300,香5g,-900,香5g
金,4d,馬,6e,成銀,True,True,False,90,46,-100,香5g,-700,香5g
金,4d,馬,6e,馬,True,True,False,90,45,600,香5g,0,香5g
金,4d,馬,6e,龍,True,True,False,90,45,600,香5g,0,香5g
金,4d,龍,6e,歩,True,False,False,90,47,1000,歩5f,1000,歩5f
金,4d,龍,6e,香,True,False,False,90,46,1000,歩5f,1000,歩5f
金,4d,龍,6e,桂,True,False,False,90,51,1000,歩5f,1000,歩5f
金,4d,龍,6e,銀,True,False,False,90,36,1000,香5g,1000,香5g
金,4d,龍,6e,金,True,True,False,90,36,0,香5g,-600,香5g
金,4d,龍,6e,角,True,False,False,90,45,1000,香5g,1000,香5g
金,4d,龍,6e,飛,True,True,False,90,46,800,歩5f,600,歩5f
金,4d,龍,6e,と,True,True,False,90,36,-500,香5g,-1100,香5g
金,4d,龍,6e,成香,True,True,False,90,36,-300,香5g,-900,香5g
金,4d,龍,6e,成桂,True,True,False,90,36,-300,香5g,-900,香5g
金,4d,龍,6e,成銀,True,True,False,90,36,-100,香5g,-700,香5g
金,4d,龍,6e,馬,True,True,False,90,36,600,香5g,0,香5g
金,4d,龍,6e,龍,True,True,False,90,35,1000,香5g,400,香5g
金,4d,歩,5f,歩,False,False,True,84,76,0,桂6g,0,桂6g
金,4d,歩,5f,香,False,False,True,84,76,0,桂6g,0,桂6g
金,4d,歩,5f,桂,False,False,True,84,76,0,桂6g,0,桂6g
金,4d,歩,5f,銀,False,False,True,84,66,0,銀6d,0,銀6d
金,4d,歩,5f,金,False,True,False,84,56,0,銀6d,0,銀6d
金,4d,歩,5f,角,False,False,True,84,66,0,銀6d,0,銀6d
金,4d,歩,5f,飛,False,True,False,84,58,800,桂6g,800,桂6g
金,4d,歩,5f,と,False,True,False,84,56,-500,銀6d,-500,銀6d
金,4d,歩,5f,成香,False,True,False,84,56,-300,銀6d,-300,銀6d
金,4d,歩,5f,成桂,False,True,False,84,56,-300,銀6d,-300,銀6d
金,4d,歩,5f,成銀,False,True,False,84,56,-100,銀6d,-100,銀6d
金,4d,歩,5f,馬,False,True,False,84,48,600,銀6d,600,銀6d
金,4d,歩,5f,龍,False,True,False,84,48,1000,銀6d,1000,銀6d
金,4d,香,5f,歩,False,False,True,84,66,0,桂6g,0,桂6g
金,4d,香,5f,香,False,False,True,84,66,0,桂6g,0,桂6g
金,4d,香,5f,桂,False,False,True,84,66,0,桂6g,0,桂6g
金,4d,香,5f,銀,False,False,True,84,57,0,銀6d,0,銀6d
金,4d,香,5f,金,False,True,False,84,56,0,銀6d,0,銀6d
金,4d,香,5f,角,False,False,True,84,57,0,銀6d,0,銀6d
金,4d,香,5f,飛,False,True,False,84,57,800,桂6g,800,桂6g
金,4d,香,5f,と,False,True,False,84,56,-500,銀6d,-500,銀6d
金,4d,香,5f,成香,False,True,False,84,56,-300,銀6d,-300,銀6d
金,4d,香,5f,成桂,False,True,False,84,56,-300,銀6d,-300,銀6d
金,4d,香,5f,成銀,False,True,False,84,56,-100,銀6d,-100,銀6d
金,4d,香,5f,馬,False,True,False,84,48,600,銀6d,600,銀6d
金,4d,香,5f,龍,False,True,False,84,48,1000,銀6d,1000,銀6d
金,4d,桂,5f,歩,False,False,True,84,84,0,桂6g,0,桂6g
金,4d,桂,5f,香,False,False,True,84,84,0,桂6g,0,桂6g
金,4d,桂,5f,桂,False,False,True,84,84,0,桂6g,0,桂6g
金,4d,桂,5f,銀,False,False,True,84,66,0,銀6d,0,銀6d
金,4d,桂,5f,金,False,True,False,84,64,0,銀6d,0,銀6d
金,4d,桂,5f,角,False,False,True,84,66,0,銀6d,0,銀6d
金,4d,桂,5f,飛,False,True,False,84,66,800,桂6g,800,桂6g
金,4d,桂,5f,と,False,True,False,84,64,-500,銀6d,-500,銀6d
金,4d,桂,5f,成香,False,True,False,84,64,-300,銀6d,-300,銀6d
金,4d,桂,5f,成桂,False,True,False,84,64,-300,銀6d,-300,銀6d
金,4d,桂,5f,成銀,False,True,False,84,64,-100,銀6d,-100,銀6d
金,4d,桂,5f,馬,False,True,False,84,48,600,銀6d,600,銀6d
金,4d,桂,5f,龍,False,True,False,84,48,1000,銀6d,1000,銀6d
金,4d,銀,5f,歩,True,False,False,84,72,-200,桂6g,-200,桂6g
金,4d,銀,5f,香,True,False,False,84,72,-200,桂6g,-200,桂6g
金,4d,銀,5f,桂,True,False,False,84,72,-200,桂6g,-200,桂6g
金,4d,銀,5f,銀,True,False,False,84,62,-200,銀6d,-200,銀6d
金,4d,銀,5f,金,True,True,False,84,52,-200,銀6d,-900,と5d
金,4d,銀,5f,角,True,False,False,84,62,-200,銀6d,-200,銀6d
金,4d,銀,5f,飛,True,True,False,84,54,-200,桂6g,-800,桂6g
金,4d,銀,5f,と,True,True,False,84,52,-500,銀6d,-1200,と5d
金,4d,銀,5f,成香,True,True,False,84,52,-300,銀6d,-1000,と5d
金,4d,銀,5f,成桂,True,True,False,84,52,-300,銀6d,-1000,と5d
金,4d,銀,5f,成銀,True,True,False,84,52,-200,銀6d,-900,と5d
金,4d,銀,5f,馬,True,True,False,84,44,-200,銀6d,-900,と5d
金,4d,銀,5f,龍,True,True,False,84,44,-200,銀6d,-900,と5d
金,4d,金,5f,歩,True,False,False,84,66,0,桂6g,0,桂6g
金,4d,金,5f,香,True,False,False,84,66,0,桂6g,0,桂6g
金,4d,金,5f,桂,True,False,False,84,66,0,桂6g,0,桂6g
金,4d,金,5f,銀,True,False,False,84,56,0,銀6d,0,銀6d
金,4d,金,5f,金,True,True,False,84,46,0,銀6d,-700,と6e
金,4d,金,5f,角,True,False,False,84,56,0,銀6d,0,銀6d
金,4d,金,5f,飛,True,True,False,84,48,0,桂6g,-600,桂6g
金,4d,金,5f,と,True,True,False,84,46,-500,銀6d,-1200,と6e
金,4d,金,5f,成香,True,True,False,84,46,-300,銀6d,-1000,と6e
金,4d,金,5f,成桂,True,True,False,84,46,-300,銀6d,-1000,と6e
金,4d,金,5f,成銀,True,True,False,84,46,-100,銀6d,-800,と6e
金,4d,金,5f,馬,True,True,False,84,38,0,銀6d,-1000,銀6d
金,4d,金,5f,龍,True,True,False,84,38,0,銀6d,-1000,銀6d
金,4d,角,5f,歩,True,False,False,84,80,400,桂6g,400,桂6g
金,4d,角,5f,香,True,False,False,84,80,400,桂6g,400,桂6g
金,4d,角,5f,桂,True,False,False,84,80,400,桂6g,400,桂6g
金,4d,角,5f,銀,True,False,False,84,62,400,銀6d,400,銀6d
金,4d,角,5f,金,True,True,False,84,60,0,銀6d,-700,と5d
金,4d,角,5f,角,True,False,False,84,62,400,銀6d,400,銀6d
金,4d,角,5f,飛,True,True,False,84,62,400,桂6g,-200,桂6g
金,4d,角,5f,と,True,True,False,84,60,-500,銀6d,-1200,と5d
金,4d,角,5f,成香,True,True,False,84,60,-300,銀6d,-1000,と5d
金,4d,角,5f,成桂,True,True,False,84,60,-300,銀6d,-1000,と5d
金,4d,角,5f,成銀,True,True,False,84,60,-100,銀6d,-800,と5d
金,4d,角,5f,馬,True,True,False,84,44,400,銀6d,-300,と5d
金,4d,角,5f,龍,True,True,False,84,44,400,銀6d,-300,と5d
金,4d,飛,5f,歩,False,False,True,84,54,0,桂6g,0,桂6g
金,4d,飛,5f,香,False,False,True,84,54,0,桂6g,0,桂6g
金,4d,飛,5f,桂,False,False,True,84,54,0,桂6g,0,桂6g
金,4d,飛,5f,銀,False,False,True,84,45,0,銀6f,0,銀6f
金,4d,飛,5f,金,False,True,False,84,44,0,金6e,0,金6e
金,4d,飛,5f,角,False,False,True,84,45,0,銀6f,0,銀6f
金,4d,飛,5f,飛,False,True,False,84,45,800,桂6g,800,桂6g
金,4d,飛,5f,と,False,True,False,84,44,-500,金6e,-500,金6e
金,4d,飛,5f,成香,False,True,False,84,44,-300,金6e,-300,金6e
金,4d,飛,5f,成桂,False,True,False,84,44,-300,金6e,-300,金6e
金,4d,飛,5f,成銀,False,True,False,84,44,-100,金6e,-100,金6e
金,4d,飛,5f,馬,False,True,False,84,36,600,角9a,600,角9a
金,4d,飛,5f,龍,False,True,False,84,36,1000,角9a,1000,角9a
金,4d,と,5f,歩,True,False,False,84,66,-500,桂6g,-500,桂6g
金,4d,と,5f,香,True,False,False,84,66,-500,桂6g,-500,桂6g
金,4d,と,5f,桂,True,False,False,84,66,-500,桂6g,-500,桂6g
金,4d,と,5f,銀,True,False,False,84,56,-500,銀6d,-500,銀6d
金,4d,と,5f,金,True,True,False,84,46,-500,銀6d,-1200,と6e
金,4d,と,5f,角,True,False,False,84,56,-500,銀6d,-500,銀6d
金,4d,と,5f,飛,True,True,False,84,48,-500,桂6g,-1100,桂6g
金,4d,と,5f,と,True,True,False,84,46,-500,銀6d,-1200,と6e
金,4d,と,5f,成香,True,True,False,84,46,-500,銀6d,-1200,と6e
金,4d,と,5f,成桂,True,True,False,84,46,-500,銀6d,-1200,と6e
金,4d,と,5f,成銀,True,True,False,84,46,-500,銀6d,-1200,と6e
金,4d,と,5f,馬,True,True,False,84,38,-500,銀6d,-1500,銀6d
金,4d,と,5f,龍,True,True,False,84,38,-500,銀6d,-1500,銀6d
金,4d,成香,5f,歩,True,False,False,84,66,-300,桂6g,-300,桂6g
金,4d,成香,5f,香,True,False,False,84,66,-300,桂6g,-300,桂6g
金,4d,成香,5f,桂,True,False,False,84,66,-300,桂6g,-300,桂6g
金,4d,成香,5f,銀,True,False,False,84,56,-300,銀6d,-300,銀6d
金,4d,成香,5f,金,True,True,False,84,46,-300,銀6d,-1000,と6e
金,4d,成香,5f,角,True,False,False,84,56,-300,銀6d,-300,銀6d
金,4d,成香,5f,飛,True,True,False,84,48,-300,桂6g,-900,桂6g
金,4d,成香,5f,と,True,True,False,84,46,-500,銀6d,-1200,と6e
金,4d,成香,5f,成香,True,True,False,84,46,-300,銀6d,-1000,と6e
金,4d,成香,5f,成桂,True,True,False,84,46,-300,銀6d,-1000,と6e
金,4d,成香,5f,成銀,True,True,False,84,46,-300,銀6d,-1000,と6e
金,4d,成香,5f,馬,True,True,False,84,38,-300,銀6d,-1300,銀6d
金,4d,成香,5f,龍,True,True,False,84,38,-300,銀6d,-1300,銀6d
金,4d,成桂,5f,歩,True,False,False,84,66,-300,桂6g,-300,桂6g
金,4d,成桂,5f,香,True,False,False,84,66,-300,桂6g,-300,桂6g
金,4d,成桂,5f,桂,True,False,False,84,66,-300,桂6g,-300,桂6g
金,4d,成桂,5f,銀,True,False,False,84,56,-300,銀6d,-300,銀6d
金,4d,成桂,5f,金,True,True,False,84,46,-300,銀6d,-1000,と6e
金,4d,成桂,5f,角,True,False,False,84,56,-300,銀6d,-300,銀6d
金,4d,成桂,5f,飛,True,True,False,84,48,-300,桂6g,-900,桂6g
金,4d,成桂,5f,と,True,True,False,84,46,-500,銀6d,-1200,と6e
金,4d,成桂,5f,成香,True,True,False,84,46,-300,銀6d,-1000,と6e
金,4d,成桂,5f,成桂,True,True,False,84,46,-300,銀6d,-1000,と6e
金,4d,成桂,5f,成銀,True,True,False,84,46,-300,銀6d,-1000,と6e
金,4d,成桂,5f,馬,True,True,False,84,38,-300,銀6d,-1300,銀6d
金,4d,成桂,5f,龍,True,True,False,84,38,-300,銀6d,-1300,銀6d
金,4d,成銀,5f,歩,True,False,False,84,66,-100,桂6g,-100,桂6g
金,4d,成銀,5f,香,True,False,False,84,66,-100,桂6g,-100,桂6g
金,4d,成銀,5f,桂,True,False,False,84,66,-100,桂6g,-100,桂6g
金,4d,成銀,5f,銀,True,False,False,84,56,-100,銀6d,-100,銀6d
金,4d,成銀,5f,金,True,True,False,84,46,-100,銀6d,-800,と6e
金,4d,成銀,5f,角,True,False,False,84,56,-100,銀6d,-100,銀6d
金,4d,成銀,5f,飛,True,True,False,84,48,-100,桂6g,-700,桂6g
金,4d,成銀,5f,と,True,True,False,84,46,-500,銀6d,-1200,と6e
金,4d,成銀,5f,成香,True,True,False,84,46,-300,銀6d,-1000,と6e
金,4d,成銀,5f,成桂,True,True,False,84,46,-300,銀6d,-1000,と6e
金,4d,成銀,5f,成銀,True,True,False,84,46,-100,銀6d,-800,と6e
金,4d,成銀,5f,馬,True,True,False,84,38,-100,銀6d,-1100,銀6d
金,4d,成銀,5f,龍,True,True,False,84,38,-100,銀6d,-1100,銀6d
金,4d,馬,5f,歩,True,False,False,84,64,600,桂6g,600,桂6g
金,4d,馬,5f,香,True,False,False,84,64,600,桂6g,600,桂6g
金,4d,馬,5f,桂,True,False,False,84,64,600,桂6g,600,桂6g
金,4d,馬,5f,銀,True,False,False,84,54,600,銀6d,600,銀6d
金,4d,馬,5f,金,True,True,False,84,44,0,銀6d,-700,と6e
金,4d,馬,5f,角,True,False,False,84,54,600,銀6d,600,銀6d
金,4d,馬,5f,飛,True,True,False,84,46,600,桂6g,0,桂6g
金,4d,馬,5f,と,True,True,False,84,44,-500,銀6d,-1200,と6e
金,4d,馬,5f,成香,True,True,False,84,44,-300,銀6d,-1000,と6e
金,4d,馬,5f,成桂,True,True,False,84,44,-300,銀6d,-1000,と6e
金,4d,馬,5f,成銀,True,True,False,84,44,-100,銀6d,-800,と6e
金,4d,馬,5f,馬,True,True,False,84,36,600,銀6d,-400,銀6d
金,4d,馬,5f,龍,True,True,False,84,36,600,銀6d,-400,銀6d
金,4d,龍,5f,歩,True,False,False,84,50,1000,桂6g,1000,桂6g
金,4d,龍,5f,香,True,False,False,84,50,1000,桂6g,1000,桂6g
金,4d,龍,5f,桂,True,False,False,84,50,1000,桂6g,1000,桂6g
金,4d,龍,5f,銀,True,False,False,84,41,1000,銀6f,1000,銀6f
金,4d,龍,5f,金,True,True,False,84,40,0,金6e,-700,と6e
金,4d,龍,5f,角,True,False,False,84,41,1000,銀6f,1000,銀6f
金,4d,龍,5f,飛,True,True,False,84,41,800,桂6g,200,桂6g
金,4d,龍,5f,と,True,True,False,84,40,-500,金6e,-1200,と6e
金,4d,龍,5f,成香,True,True,False,84,40,-300,金6e,-1000,と6e
金,4d,龍,5f,成桂,True,True,False,84,40,-300,金6e,-1000,と6e
金,4d,龍,5f,成銀,True,True,False,84,40,-100,金6e,-800,と6e
金,4d,龍,5f,馬,True,True,False,84,32,600,角9a,-1000,角9a
金,4d,龍,5f,龍,True,True,False,84,32,1000,角9a,-600,角9a
金,5d,歩,6d,歩,True,False,False,90,82,-1000,歩5f,-1000,歩5f
金,5d,歩,6d,香,True,False,False,90,72,-1000,歩5f,-1000,歩5f
金,5d,歩,6d,桂,True,False,False,90,79,-1000,香5g,-1000,香5g
金,5d,歩,6d,銀,True,True,False,90,80,-1000,歩5f,-1200,歩5f
金,5d,歩,6d,金,True,True,False,90,80,-1000,歩5f,-1200,歩5f
金,5d,歩,6d,角,True,True,False,90,88,-1000,歩5f,-1200,歩5f
金,5d,歩,6d,飛,True,False,False,90,72,-1000,歩5f,-1000,歩5f
金,5d,歩,6d,と,True,True,False,90,80,-1000,歩5f,-1200,歩5f
金,5d,歩,6d,成香,True,True,False,90,80,-1000,歩5f,-1200,歩5f
金,5d,歩,6d,成桂,True,True,False,90,80,-1000,歩5f,-1200,歩5f
金,5d,歩,6d,成銀,True,True,False,90,80,-1000,歩5f,-1200,歩5f
金,5d,歩,6d,馬,True,True,False,90,80,-1000,歩5f,-1200,歩5f
金,5d,歩,6d,龍,True,True,False,90,70,-1000,歩5f,-1200,歩5f
金,5d,香,6d,歩,True,False,False,90,82,-600,歩5f,-600,歩5f
金,5d,香,6d,香,True,False,False,90,72,-600,歩5f,-600,歩5f
金,5d,香,6d,桂,True,False,False,90,79,-600,香5g,-600,香5g
金,5d,香,6d,銀,True,True,False,90,80,-600,歩5f,-800,歩5f
金,5d,香,6d,金,True,True,False,90,80,-600,歩5f,-800,歩5f
金,5d,香,6d,角,True,True,False,90,88,-600,歩5f,-800,歩5f
金,5d,香,6d,飛,True,False,False,90,72,-600,歩5f,-600,歩5f
金,5d,香,6d,と,True,True,False,90,80,-600,歩5f,-800,歩5f
金,5d,香,6d,成香,True,True,False,90,80,-600,歩5f,-800,歩5f
金,5d,香,6d,成桂,True,True,False,90,80,-600,歩5f,-800,歩5f
金,5d,香,6d,成銀,True,True,False,90,80,-600,歩5f,-800,歩5f
金,5d,香,6d,馬,True,True,False,90,80,-600,歩5f,-800,歩5f
金,5d,香,6d,龍,True,True,False,90,70,-600,歩5f,-800,歩5f
金,5d,桂,6d,歩,False,False,True,90,64,0,歩5f,0,歩5f
金,5d,桂,6d,香,False,False,True,90,63,0,歩5f,0,歩5f
金,5d,桂,6d,桂,False,False,True,90,61,0,香5g,0,香5g
金,5d,桂,6d,銀,False,True,False,90,62,-200,歩5f,-200,歩5f
金,5d,桂,6d,金,False,True,False,90,62,0,歩5f,0,歩5f
金,5d,桂,6d,角,False,True,False,90,70,400,歩5f,400,歩5f
金,5d,桂,6d,飛,False,False,True,90,63,0,歩5f,0,歩5f
金,5d,桂,6d,と,False,True,False,90,62,-500,歩5f,-500,歩5f
金,5d,桂,6d,成香,False,True,False,90,62,-300,歩5f,-300,歩5f
金,5d,桂,6d,成桂,False,True,False,90,62,-300,歩5f,-300,歩5f
金,5d,桂,6d,成銀,False,True,False,90,62,-100,歩5f,-100,歩5f
金,5d,桂,6d,馬,False,True,False,90,62,600,歩5f,600,歩5f
金,5d,桂,6d,龍,False,True,False,90,61,1000,歩5f,1000,歩5f
金,5d,銀,6d,歩,True,False,False,90,74,-200,歩5f,-200,歩5f
金,5d,銀,6d,香,True,False,False,90,64,-200,歩5f,-200,歩5f
金,5d,銀,6d,桂,True,False,False,90,63,-200,香5g,-200,香5g
金,5d,銀,6d,銀,True,True,False,90,72,-200,歩5f,-400,歩5f
金,5d,銀,6d,金,True,True,False,90,72,-200,歩5f,-400,歩5f
金,5d,銀,6d,角,True,True,False,90,72,-200,歩5f,-400,歩5f
金,5d,銀,6d,飛,True,False,False,90,64,-200,歩5f,-200,歩5f
金,5d,銀,6d,と,True,True,False,90,72,-500,歩5f,-700,歩5f
金,5d,銀,6d,成香,True,True,False,90,72,-300,歩5f,-500,歩5f
金,5d,銀,6d,成桂,True,True,False,90,72,-300,歩5f,-500,歩5f
金,5d,銀,6d,成銀,True,True,False,90,72,-200,歩5f,-400,歩5f
金,5d,銀,6d,馬,True,True,False,90,72,-200,歩5f,-400,歩5f
金,5d,銀,6d,龍,True,True,False,90,62,-200,歩5f,-400,歩5f
金,5d,金,6d,歩,True,False,False,90,70,0,歩5f,0,歩5f
金,5d,金,6d,香,True,False,False,90,60,0,歩5f,0,歩5f
金,5d,金,6d,桂,True,False,False,90,59,0,香5g,0,香5g
金,5d,金,6d,銀,True,True,False,90,68,-200,歩5f,-400,歩5f
金,5d,金,6d,金,True,True,False,90,68,0,歩5f,-200,歩5f
金,5d,金,6d,角,True,True,False,90,68,0,歩5f,-200,歩5f
金,5d,金,6d,飛,True,False,False,90,60,0,歩5f,0,歩5f
金,5d,金,6d,と,True,True,False,90,68,-500,歩5f,-700,歩5f
金,5d,金,6d,成香,True,True,False,90,68,-300,歩5f,-500,歩5f
金,5d,金,6d,成桂,True,True,False,90,68,-300,歩5f,-500,歩5f
金,5d,金,6d,成銀,True,True,False,90,68,-100,歩5f,-300,歩5f
金,5d,金,6d,馬,True,True,False,90,68,0,歩5f,-200,歩5f
金,5d,金,6d,龍,True,True,False,90,58,0,歩5f,-200,歩5f
金,5d,角,6d,歩,False,False,True,90,74,0,歩5f,0,歩5f
金,5d,角,6d,香,False,False,True,90,64,0,歩5f,0,歩5f
金,5d,角,6d,桂,False,False,True,90,63,0,香5g,0,香5g
金,5d,角,6d,銀,False,True,False,90,72,-200,歩5f,-200,歩5f
金,5d,角,6d,金,False,True,False,90,72,0,歩5f,0,歩5f
金,5d,角,6d,角,False,True,False,90,72,400,歩5f,400,歩5f
金,5d,角,6d,飛,False,False,True,90,64,0,歩5f,0,歩5f
金,5d,角,6d,と,False,True,False,90,72,-500,歩5f,-500,歩5f
金,5d,角,6d,成香,False,True,False,90,72,-300,歩5f,-300,歩5f
金,5d,角,6d,成桂,False,True,False,90,72,-300,歩5f,-300,歩5f
金,5d,角,6d,成銀,False,True,False,90,72,-100,歩5f,-100,歩5f
金,5d,角,6d,馬,False,True,False,90,72,600,歩5f,600,歩5f
金,5d,角,6d,龍,False,True,False,90,62,1000,歩5f,1000,歩5f
金,5d,飛,6d,歩,True,False,False,90,78,800,歩5f,800,歩5f
金,5d,飛,6d,香,True,False,False,90,68,800,歩5f,800,歩5f
金,5d,飛,6d,桂,True,False,False,90,75,800,香5g,800,香5g
金,5d,飛,6d,銀,True,True,False,90,76,-200,歩5f,-400,歩5f
金,5d,飛,6d,金,True,True,False,90,76,0,歩5f,-200,歩5f
金,5d,飛,6d,角,True,True,False,90,84,400,歩5f,200,歩5f
金,5d,飛,6d,飛,True,False,False,90,68,800,歩5f,800,歩5f
金,5d,飛,6d,と,True,True,False,90,76,-500,歩5f,-700,歩5f
金,5d,飛,6d,成香,True,True,False,90,76,-300,歩5f,-500,歩5f
金,5d,飛,6d,成桂,True,True,False,90,76,-300,歩5f,-500,歩5f
金,5d,飛,6d,成銀,True,True,False,90,76,-100,歩5f,-300,歩5f
金,5d,飛,6d,馬,True,True,False,90,76,600,歩5f,400,歩5f
金,5d,飛,6d,龍,True,True,False,90,66,800,歩5f,600,歩5f
金,5d,と,6d,歩,True,False,False,90,70,-500,歩5f,-500,歩5f
金,5d,と,6d,香,True,False,False,90,60,-500,歩5f,-500,歩5f
金,5d,と,6d,桂,True,False,False,90,59,-500,香5g,-500,香5g
金,5d,と,6d,銀,True,True,False,90,68,-500,歩5f,-700,歩5f
金,5d,と,6d,金,True,True,False,90,68,-500,歩5f,-700,歩5f
金,5d,と,6d,角,True,True,False,90,68,-500,歩5f,-700,歩5f
金,5d,と,6d,飛,True,False,False,90,60,-500,歩5f,-500,歩5f
金,5d,と,6d,と,True,True,False,90,68,-500,歩5f,-700,歩5f
金,5d,と,6d,成香,True,True,False,90,68,-500,歩5f,-700,歩5f
金,5d,と,6d,成桂,True,True,False,90,68,-500,歩5f,-700,歩5f
金,5d,と,6d,成銀,True,True,False,90,68,-500,歩5f,-700,歩5f
金,5d,と,6d,馬,True,True,False,90,68,-500,歩5f,-700,歩5f
金,5d,と,6d,龍,True,True,False,90,58,-500,歩5f,-700,歩5f
金,5d,成香,6d,歩,True,False,False,90,70,-300,歩5f,-300,歩5f
金,5d,成香,6d,香,True,False,False,90,60,-300,歩5f,-300,歩5f
金,5d,成香,6d,桂,True,False,False,90,59,-300,香5g,-300,香5g
金,5d,成香,6d,銀,True,True,False,90,68,-300,歩5f,-500,歩5f
金,5d,成香,6d,金,True,True,False,90,68,-300,歩5f,-500,歩5f
金,5d,成香,6d,角,True,True,False,90,68,-300,歩5f,-500,歩5f
金,5d,成香,6d,飛,True,False,False,90,60,-300,歩5f,-300,歩5f
金,5d,成香,6d,と,True,True,False,90,68,-500,歩5f,-700,歩5f
金,5d,成香,6d,成香,True,True,False,90,68,-300,歩5f,-500,歩5f
金,5d,成香,6d,成桂,True,True,False,90,68,-300,歩5f,-500,歩5f
金,5d,成香,6d,成銀,True,True,False,90,68,-300,歩5f,-500,歩5f
金,5d,成香,6d,馬,True,True,False,90,68,-300,歩5f,-500,歩5f
金,5d,成香,6d,龍,True,True,False,90,58,-300,歩5f,-500,歩5f
金,5d,成桂,6d,歩,True,False,False,90,70,-300,歩5f,-300,歩5f
金,5d,成桂,6d,香,True,False,False,90,60,-300,歩5f,-300,歩5f
金,5d,成桂,6d,桂,True,False,False,90,59,-300,香5g,-300,香5g
金,5d,成桂,6d,銀,True,True,False,90,68,-300,歩5f,-500,歩5f
金,5d,成桂,6d,金,True,True,False,90,68,-300,歩5f,-500,歩5f
金,5d,成桂,6d,角,True,True,False,90,68,-300,歩5f,-500,歩5f
金,5d,成桂,6d,飛,True,False,False,90,60,-300,歩5f,-300,歩5f
金,5d,成桂,6d,と,True,True,False,90,68,-500,歩5f,-700,歩5f
金,5d,成桂,6d,成香,True,True,False,90,68,-300,歩5f,-500,歩5f
金,5d,成桂,6d,成桂,True,True,False,90,68,-300,歩5f,-500,歩5f
金,5d,成桂,6d,成銀,True,True,False,90,68,-300,歩5f,-500,歩5f
金,5d,成桂,6d,馬,True,True,False,90,68,-300,歩5f,-500,歩5f
金,5d,成桂,6d,龍,True,True,False,90,58,-300,歩5f,-500,歩5f
金,5d,成銀,6d,歩,True,False,False,90,70,-100,歩5f,-100,歩5f
金,5d,成銀,6d,香,True,False,False,90,60,-100,歩5f,-100,歩5f
金,5d,成銀,6d,桂,True,False,False,90,59,-100,香5g,-100,香5g
金,5d,成銀,6d,銀,True,True,False,90,68,-200,歩5f,-400,歩5f
金,5d,成銀,6d,金,True,True,False,90,68,-100,歩5f,-300,歩5f
金,5d,成銀,6d,角,True,True,False,90,68,-100,歩5f,-300,歩5f
金,5d,成銀,6d,飛,True,False,False,90,60,-100,歩5f,-100,歩5f
金,5d,成銀,6d,と,True,True,False,90,68,-500,歩5f,-700,歩5f
金,5d,成銀,6d,成香,True,True,False,90,68,-300,歩5f,-500,歩5f
金,5d,成銀,6d,成桂,True,True,False,90,68,-300,歩5f,-500,歩5f
金,5d,成銀,6d,成銀,True,True,False,90,68,-100,歩5f,-300,歩5f
金,5d,成銀,6d,馬,True,True,False,90,68,-100,歩5f,-300,歩5f
金,5d,成銀,6d,龍,True,True,False,90,58,-100,歩5f,-300,歩5f
金,5d,馬,6d,歩,True,False,False,90,70,600,歩5f,600,歩5f
金,5d,馬,6d,香,True,False,False,90,60,600,歩5f,600,歩5f
金,5d,馬,6d,桂,True,False,False,90,59,600,香5g,600,香5g
金,5d,馬,6d,銀,True,True,False,90,68,-200,歩5f,-400,歩5f
金,5d,馬,6d,金,True,True,False,90,68,0,歩5f,-200,歩5f
金,5d,馬,6d,角,True,True,False,90,68,400,歩5f,200,歩5f
金,5d,馬,6d,飛,True,False,False,90,60,600,歩5f,600,歩5f
金,5d,馬,6d,と,True,True,False,90,68,-500,歩5f,-700,歩5f
金,5d,馬,6d,成香,True,True,False,90,68,-300,歩5f,-500,歩5f
金,5d,馬,6d,成桂,True,True,False,90,68,-300,歩5f,-500,歩5f
金,5d,馬,6d,成銀,True,True,False,90,68,-100,歩5f,-300,歩5f
金,5d,馬,6d,馬,True,True,False,90,68,600,歩5f,400,歩5f
金,5d,馬,6d,龍,True,True,False,90,58,600,歩5f,400,歩5f
金,5d,龍,6d,歩,True,False,False,90,70,1000,歩5f,1000,歩5f
金,5d,龍,6d,香,True,False,False,90,60,1000,歩5f,1000,歩5f
金,5d,龍,6d,桂,True,False,False,90,59,1000,香5g,1000,香5g
金,5d,龍,6d,銀,True,True,False,90,68,-200,歩5f,-400,歩5f
金,5d,龍,6d,金,True,True,False,90,68,0,歩5f,-200,歩5f
金,5d,龍,6d,角,True,True,False,90,68,400,歩5f,200,歩5f
金,5d,龍,6d,飛,True,False,False,90,60,1000,歩5f,1000,歩5f
金,5d,龍,6d,と,True,True,False,90,68,-500,歩5f,-700,歩5f
金,5d,龍,6d,成香,True,True,False,90,68,-300,歩5f,-500,歩5f
金,5d,龍,6d,成桂,True,True,False,90,68,-300,歩5f,-500,歩5f
金,5d,龍,6d,成銀,True,True,False,90,68,-100,歩5f,-300,歩5f
金,5d,龍,6d,馬,True,True,False,90,68,600,歩5f,400,歩5f
金,5d,龍,6d,龍,True,True,False,90,58,1000,歩5f,800,歩5f
金,5d,歩,4e,歩,True,False,False,86,77,-1000,歩5f,-1000,歩5f
金,5d,歩,4e,香,True,False,False,86,76,-1000,歩5f,-1000,歩5f
金,5d,歩,4e,桂,True,False,False,86,81,-1000,歩5f,-1000,歩5f
金,5d,歩,4e,銀,True,False,False,86,66,-1000,香5g,-1000,香5g
金,5d,歩,4e,金,True,True,False,86,62,-1000,香5g,-1600,香5g
金,5d,歩,4e,角,True,False,False,86,74,-1000,香5g,-1000,香5g
金,5d,歩,4e,飛,True,True,False,86,72,-1000,歩5f,-1200,歩5f
金,5d,歩,4e,と,True,True,False,86,62,-1000,香5g,-1600,香5g
金,5d,歩,4e,成香,True,True,False,86,62,-1000,香5g,-1600,香5g
金,5d,歩,4e,成桂,True,True,False,86,62,-1000,香5g,-1600,香5g
金,5d,歩,4e,成銀,True,True,False,86,62,-1000,香5g,-1600,香5g
金,5d,歩,4e,馬,True,True,False,86,61,-1000,香5g,-1600,香5g
金,5d,歩,4e,龍,True,True,False,86,61,-1000,香5g,-1600,香5g
金,5d,香,4e,歩,True,False,False,86,77,-600,歩5f,-600,歩5f
金,5d,香,4e,香,True,False,False,86,76,-600,歩5f,-600,歩5f
金,5d,香,4e,桂,True,False,False,86,81,-600,歩5f,-600,歩5f
金,5d,香,4e,銀,True,False,False,86,66,-600,香5g,-600,香5g
金,5d,香,4e,金,True,True,False,86,62,-600,香5g,-1200,香5g
金,5d,香,4e,角,True,False,False,86,74,-600,香5g,-600,香5g
金,5d,香,4e,飛,True,True,False,86,72,-600,歩5f,-800,歩5f
金,5d,香,4e,と,True,True,False,86,62,-600,香5g,-1200,香5g
金,5d,香,4e,成香,True,True,False,86,62,-600,香5g,-1200,香5g
金,5d,香,4e,成桂,True,True,False,86,62,-600,香5g,-1200,香5g
金,5d,香,4e,成銀,True,True,False,86,62,-600,香5g,-1200,香5g
金,5d,香,4e,馬,True,True,False,86,61,-600,香5g,-1200,香5g
金,5d,香,4e,龍,True,True,False,86,61,-600,香5g,-1200,香5g
金,5d,桂,4e,歩,False,False,True,86,68,0,歩5f,0,歩5f
金,5d,桂,4e,香,False,False,True,86,67,0,歩5f,0,歩5f
金,5d,桂,4e,桂,False,False,True,86,63,0,歩5f,0,歩5f
金,5d,桂,4e,銀,False,False,True,86,57,0,香5g,0,香5g
金,5d,桂,4e,金,False,True,False,86,53,0,香5g,0,香5g
金,5d,桂,4e,角,False,False,True,86,56,0,香5g,0,香5g
金,5d,桂,4e,飛,False,True,False,86,63,800,歩5f,800,歩5f
金,5d,桂,4e,と,False,True,False,86,53,-500,香5g,-500,香5g
金,5d,桂,4e,成香,False,True,False,86,53,-300,香5g,-300,香5g
金,5d,桂,4e,成桂,False,True,False,86,53,-300,香5g,-300,香5g
金,5d,桂,4e,成銀,False,True,False,86,53,-100,香5g,-100,香5g
金,5d,桂,4e,馬,False,True,False,86,52,600,香5g,600,香5g
金,5d,桂,4e,龍,False,True,False,86,52,1000,香5g,1000,香5g
金,5d,銀,4e,歩,True,False,False,86,69,-200,歩5f,-200,歩5f
金,5d,銀,4e,香,True,False,False,86,68,-200,歩5f,-200,歩5f
金,5d,銀,4e,桂,True,False,False,86,73,-200,歩5f,-200,歩5f
金,5d,銀,4e,銀,True,False,False,86,58,-200,香5g,-200,香5g
金,5d,銀,4e,金,True,True,False,86,54,-200,香5g,-800,香5g
金,5d,銀,4e,角,True,False,False,86,66,-200,香5g,-200,香5g
金,5d,銀,4e,飛,True,True,False,86,64,-200,歩5f,-400,歩5f
金,5d,銀,4e,と,True,True,False,86,54,-500,香5g,-1100,香5g
金,5d,銀,4e,成香,True,True,False,86,54,-300,香5g,-900,香5g
金,5d,銀,4e,成桂,True,True,False,86,54,-300,香5g,-900,香5g
金,5d,銀,4e,成銀,True,True,False,86,54,-200,香5g,-800,香5g
金,5d,銀,4e,馬,True,True,False,86,53,-200,香5g,-800,香5g
金,5d,銀,4e,龍,True,True,False,86,53,-200,香5g,-800,香5g
金,5d,金,4e,歩,True,False,False,86,61,0,歩5f,0,歩5f
金,5d,金,4e,香,True,False,False,86,60,0,歩5f,0,歩5f
金,5d,金,4e,桂,True,False,False,86,65,0,歩5f,0,歩5f
金,5d,金,4e,銀,True,False,False,86,50,0,香5g,0,香5g
金,5d,金,4e,金,True,True,False,86,50,0,香5g,-600,香5g
金,5d,金,4e,角,True,False,False,86,58,0,香5g,0,香5g
金,5d,金,4e,飛,True,True,False,86,60,0,歩5f,-200,歩5f
金,5d,金,4e,と,True,True,False,86,50,-500,香5g,-1100,香5g
金,5d,金,4e,成香,True,True,False,86,50,-300,香5g,-900,香5g
金,5d,金,4e,成桂,True,True,False,86,50,-300,香5g,-900,香5g
金,5d,金,4e,成銀,True,True,False,86,50,-100,香5g,-700,香5g
金,5d,金,4e,馬,True,True,False,86,49,0,香5g,-600,香5g
金,5d,金,4e,龍,True,True,False,86,49,0,香5g,-600,香5g
金,5d,角,4e,歩,False,False,True,86,69,0,歩5f,0,歩5f
金,5d,角,4e,香,False,False,True,86,68,0,歩5f,0,歩5f
金,5d,角,4e,桂,False,False,True,86,73,0,歩5f,0,歩5f
金,5d,角,4e,銀,False,False,True,86,58,0,香5g,0,香5g
金,5d,角,4e,金,False,True,False,86,54,0,香5g,0,香5g
金,5d,角,4e,角,False,False,True,86,66,0,香5g,0,香5g
金,5d,角,4e,飛,False,True,False,86,64,800,歩5f,800,歩5f
金,5d,角,4e,と,False,True,False,86,54,-500,香5g,-500,香5g
金,5d,角,4e,成香,False,True,False,86,54,-300,香5g,-300,香5g
金,5d,角,4e,成桂,False,True,False,86,54,-300,香5g,-300,香5g
金,5d,角,4e,成銀,False,True,False,86,54,-100,香5g,-100,香5g
金,5d,角,4e,馬,False,True,False,86,53,600,香5g,600,香5g
金,5d,角,4e,龍,False,True,False,86,53,1000,香5g,1000,香5g
金,5d,飛,4e,歩,True,False,False,86,69,800,歩5f,800,歩5f
金,5d,飛,4e,香,True,False,False,86,68,800,歩5f,800,歩5f
金,5d,飛,4e,桂,True,False,False,86,73,800,歩5f,800,歩5f
金,5d,飛,4e,銀,True,False,False,86,58,800,香5g,800,香5g
金,5d,飛,4e,金,True,True,False,86,58,0,香5g,-600,香5g
金,5d,飛,4e,角,True,False,False,86,66,800,香5g,800,香5g
金,5d,飛,4e,飛,True,True,False,86,68,800,歩5f,600,歩5f
金,5d,飛,4e,と,True,True,False,86,58,-500,香5g,-1100,香5g
金,5d,飛,4e,成香,True,True,False,86,58,-300,香5g,-900,香5g
金,5d,飛,4e,成桂,True,True,False,86,58,-300,香5g,-900,香5g
金,5d,飛,4e,成銀,True,True,False,86,58,-100,香5g,-700,香5g
金,5d,飛,4e,馬,True,True,False,86,57,600,香5g,0,香5g
金,5d,飛,4e,龍,True,True,False,86,57,800,香5g,200,香5g
金,5d,と,4e,歩,True,False,False,86,61,-500,歩5f,-500,歩5f
金,5d,と,4e,香,True,False,False,86,60,-500,歩5f,-500,歩5f
金,5d,と,4e,桂,True,False,False,86,65,-500,歩5f,-500,歩5f
金,5d,と,4e,銀,True,False,False,86,50,-500,香5g,-500,香5g
金,5d,と,4e,金,True,True,False,86,50,-500,香5g,-1100,香5g
金,5d,と,4e,角,True,False,False,86,58,-500,香5g,-500,香5g
金,5d,と,4e,飛,True,True,False,86,60,-500,歩5f,-700,歩5f
金,5d,と,4e,と,True,True,False,86,50,-500,香5g,-1100,香5g
金,5d,と,4e,成香,True,True,False,86,50,-500,香5g,-1100,香5g
金,5d,と,4e,成桂,True,True,False,86,50,-500,香5g,-1100,香5g
金,5d,と,4e,成銀,True,True,False,86,50,-500,香5g,-1100,香5g
金,5d,と,4e,馬,True,True,False,86,49,-500,香5g,-1100,香5g
金,5d,と,4e,龍,True,True,False,86,49,-500,香5g,-1100,香5g
金,5d,成香,4e,歩,True,False,False,86,61,-300,歩5f,-300,歩5f
金,5d,成香,4e,香,True,False,False,86,60,-300,歩5f,-300,歩5f
金,5d,成香,4e,桂,True,False,False,86,65,-300,歩5f,-300,歩5f
金,5d,成香,4e,銀,True,False,False,86,50,-300,香5g,-300,香5g
金,5d,成香,4e,金,True,True,False,86,50,-300,香5g,-900,香5g
金,5d,成香,4e,角,True,False,False,86,58,-300,香5g,-300,香5g
金,5d,成香,4e,飛,True,True,False,86,60,-300,歩5f,-500,歩5f
金,5d,成香,4e,と,True,True,False,86,50,-500,香5g,-1100,香5g
金,5d,成香,4e,成香,True,True,False,86,50,-300,香5g,-900,香5g
金,5d,成香,4e,成桂,True,True,False,86,50,-300,香5g,-900,香5g
金,5d,成香,4e,成銀,True,True,False,86,50,-300,香5g,-900,香5g
金,5d,成香,4e,馬,True,True,False,86,49,-300,香5g,-900,香5g
金,5d,成香,4e,龍,True,True,False,86,49,-300,香5g,-900,香5g
金,5d,成桂,4e,歩,True,False,False,86,61,-300,歩5f,-300,歩5f
金,5d,成桂,4e,香,True,False,False,86,60,-300,歩5f,-300,歩5f
金,5d,成桂,4e,桂,True,False,False,86,65,-300,歩5f,-300,歩5f
金,5d,成桂,4e,銀,True,False,False,86,50,-300,香5g,-300,香5g
金,5d,成桂,4e,金,True,True,False,86,50,-300,香5g,-900,香5g
金,5d,成桂,4e,角,True,False,False,86,58,-300,香5g,-300,香5g
金,5d,成桂,4e,飛,True,True,False,86,60,-300,歩5f,-500,歩5f
金,5d,成桂,4e,と,True,True,False,86,50,-500,香5g,-1100,香5g
金,5d,成桂,4e,成香,True,True,False,86,50,-300,香5g,-900,香5g
金,5d,成桂,4e,成桂,True,True,False,86,50,-300,香5g,-900,香5g
金,5d,成桂,4e,成銀,True,True,False,86,50,-300,香5g,-900,香5g
金,5d,成桂,4e,馬,True,True,False,86,49,-300,香5g,-900,香5g
金,5d,成桂,4e,龍,True,True,False,86,49,-300,香5g,-900,香5g
金,5d,成銀,4e,歩,True,False,False,86,61,-100,歩5f,-100,歩5f
金,5d,成銀,4e,香,True,False,False,86,60,-100,歩5f,-100,歩5f
金,5d,成銀,4e,桂,True,False,False,86,65,-100,歩5f,-100,歩5f
金,5d,成銀,4e,銀,True,False,False,86,50,-100,香5g,-100,香5g
金,5d,成銀,4e,金,True,True,False,86,50,-100,香5g,-700,香5g
金,5d,成銀,4e,角,True,False,False,86,58,-100,香5g,-100,香5g
金,5d,成銀,4e,飛,True,True,False,86,60,-100,歩5f,-300,歩5f
金,5d,成銀,4e,と,True,True,False,86,50,-500,香5g,-1100,香5g
金,5d,成銀,4e,成香,True,True,False,86,50,-300,香5g,-900,香5g
金,5d,成銀,4e,成桂,True,True,False,86,50,-300,香5g,-900,香5g
金,5d,成銀,4e,成銀,True,True,False,86,50,-100,香5g,-700,香5g
金,5d,成銀,4e,馬,True,True,False,86,49,-100,香5g,-700,香5g
金,5d,成銀,4e,龍,True,True,False,86,49,-100,香5g,-700,香5g
金,5d,馬,4e,歩,True,False,False,86,61,600,歩5f,600,歩5f
金,5d,馬,4e,香,True,False,False,86,60,600,歩5f,600,歩5f
金,5d,馬,4e,桂,True,False,False,86,65,600,歩5f,600,歩5f
金,5d,馬,4e,銀,True,False,False,86,50,600,香5g,600,香5g
金,5d,馬,4e,金,True,True,False,86,50,0,香5g,-600,香5g
金,5d,馬,4e,角,True,False,False,86,58,600,香5g,600,香5g
金,5d,馬,4e,飛,True,True,False,86,60,600,歩5f,400,歩5f
金,5d,馬,4e,と,True,True,False,86,50,-500,香5g,-1100,香5g
金,5d,馬,4e,成香,True,True,False,86,50,-300,香5g,-900,香5g
金,5d,馬,4e,成桂,True,True,False,86,50,-300,香5g,-900,香5g
金,5d,馬,4e,成銀,True,True,False,86,50,-100,香5g,-700,香5g
金,5d,馬,4e,馬,True,True,False,86,49,600,香5g,0,香5g
金,5d,馬,4e,龍,True,True,False,86,49,600,香5g,0,香5g
金,5d,龍,4e,歩,True,False,False,86,61,1000,歩5f,1000,歩5f
金,5d,龍,4e,香,True,False,False,86,60,1000,歩5f,1000,歩5f
金,5d,龍,4e,桂,True,False,False,86,65,1000,歩5f,1000,歩5f
金,5d,龍,4e,銀,True,False,False,86,50,1000,香5g,1000,香5g
金,5d,龍,4e,金,True,True,False,86,50,0,香5g,-600,香5g
金,5d,龍,4e,角,True,False,False,86,58,1000,香5g,1000,香5g
金,5d,龍,4e,飛,True,True,False,86,60,800,歩5f,600,歩5f
金,5d,龍,4e,と,True,True,False,86,50,-500,香5g,-1100,香5g
金,5d,龍,4e,成香,True,True,False,86,50,-300,香5g,-900,香5g
金,5d,龍,4e,成桂,True,True,False,86,50,-300,香5g,-900,香5g
金,5d,龍,4e,成銀,True,True,False,86,50,-100,香5g,-700,香5g
金,5d,龍,4e,馬,True,True,False,86,49,600,香5g,0,香5g
金,5d,龍,4e,龍,True,True,False,86,49,1000,香5g,400,香5g
金,5d,歩,6e,歩,True,False,False,86,77,-1000,歩5f,-1000,歩5f
金,5d,歩,6e,香,True,False,False,86,76,-1000,歩5f,-1000,歩5f
金,5d,歩,6e,桂,True,False,False,86,81,-1000,歩5f,-1000,歩5f
金,5d,歩,6e,銀,True,False,False,86,66,-1000,香5g,-1000,香5g
金,5d,歩,6e,金,True,True,False,86,62,-1000,香5g,-1600,香5g
金,5d,歩,6e,角,True,False,False,86,74,-1000,香5g,-1000,香5g
金,5d,歩,6e,飛,True,True,False,86,72,-1000,歩5f,-1200,歩5f
金,5d,歩,6e,と,True,True,False,86,62,-1000,香5g,-1600,香5g
金,5d,歩,6e,成香,True,True,False,86,62,-1000,香5g,-1600,香5g
金,5d,歩,6e,成桂,True,True,False,86,62,-1000,香5g,-1600,香5g
金,5d,歩,6e,成銀,True,True,False,86,62,-1000,香5g,-1600,香5g
金,5d,歩,6e,馬,True,True,False,86,61,-1000,香5g,-1600,香5g
金,5d,歩,6e,龍,True,True,False,86,61,-1000,香5g,-1600,香5g
金,5d,香,6e,歩,True,False,False,86,77,-600,歩5f,-600,歩5f
金,5d,香,6e,香,True,False,False,86,76,-600,歩5f,-600,歩5f
金,5d,香,6e,桂,True,False,False,86,81,-600,歩5f,-600,歩5f
金,5d,香,6e,銀,True,False,False,86,66,-600,香5g,-600,香5g
金,5d,香,6e,金,True,True,False,86,62,-600,香5g,-1200,香5g
金,5d,香,6e,角,True,False,False,86,74,-600,香5g,-600,香5g
金,5d,香,6e,飛,True,True,False,86,72,-600,歩5f,-800,歩5f
金,5d,香,6e,と,True,True,False,86,62,-600,香5g,-1200,香5g
金,5d,香,6e,成香,True,True,False,86,62,-600,香5g,-1200,香5g
金,5d,香,6e,成桂,True,True,False,86,62,-600,香5g,-1200,香5g
金,5d,香,6e,成銀,True,True,False,86,62,-600,香5g,-1200,香5g
金,5d,香,6e,馬,True,True,False,86,61,-600,香5g,-1200,香5g
金,5d,香,6e,龍,True,True,False,86,61,-600,香5g,-1200,香5g
金,5d,桂,6e,歩,False,False,True,86,68,0,歩5f,0,歩5f
金,5d,桂,6e,香,False,False,True,86,67,0,歩5f,0,歩5f
金,5d,桂,6e,桂,False,False,True,86,63,0,歩5f,0,歩5f
金,5d,桂,6e,銀,False,False,True,86,57,0,香5g,0,香5g
金,5d,桂,6e,金,False,True,False,86,53,0,香5g,0,香5g
金,5d,桂,6e,角,False,False,True,86,56,0,香5g,0,香5g
金,5d,桂,6e,飛,False,True,False,86,63,800,歩5f,800,歩5f
金,5d,桂,6e,と,False,True,False,86,53,-500,香5g,-500,香5g
金,5d,桂,6e,成香,False,True,False,86,53,-300,香5g,-300,香5g
金,5d,桂,6e,成桂,False,True,False,86,53,-300,香5g,-300,香5g
金,5d,桂,6e,成銀,False,True,False,86,53,-100,香5g,-100,香5g
金,5d,桂,6e,馬,False,True,False,86,52,600,香5g,600,香5g
金,5d,桂,6e,龍,False,True,False,86,52,1000,香5g,1000,香5g
金,5d,銀,6e,歩,True,False,False,86,69,-200,歩5f,-200,歩5f
金,5d,銀,6e,香,True,False,False,86,68,-200,歩5f,-200,歩5f
金,5d,銀,6e,桂,True,False,False,86,73,-200,歩5f,-200,歩5f
金,5d,銀,6e,銀,True,False,False,86,58,-200,香5g,-200,香5g
金,5d,銀,6e,金,True,True,False,86,54,-200,香5g,-800,香5g
金,5d,銀,6e,角,True,False,False,86,66,-200,香5g,-200,香5g
金,5d,銀,6e,飛,True,True,False,86,64,-200,歩5f,-400,歩5f
金,5d,銀,6e,と,True,True,False,86,54,-500,香5g,-1100,香5g
金,5d,銀,6e,成香,True,True,False,86,54,-300,香5g,-900,香5g
金,5d,銀,6e,成桂,True,True,False,86,54,-300,香5g,-900,香5g
金,5d,銀,6e,成銀,True,True,False,86,54,-200,香5g,-800,香5g
金,5d,銀,6e,馬,True,True,False,86,53,-200,香5g,-800,香5g
金,5d,銀,6e,龍,True,True,False,86,53,-200,香5g,-800,香5g
金,5d,金,6e,歩,True,False,False,86,61,0,歩5f,0,歩5f
金,5d,金,6e,香,True,False,False,86,60,0,歩5f,0,歩5f
金,5d,金,6e,桂,True,False,False,86,65,0,歩5f,0,歩5f
金,5d,金,6e,銀,True,False,False,86,50,0,香5g,0,香5g
金,5d,金,6e,金,True,True,False,86,50,0,香5g,-600,香5g
金,5d,金,6e,角,True,False,False,86,58,0,香5g,0,香5g
金,5d,金,6e,飛,True,True,False,86,60,0,歩5f,-200,歩5f
金,5d,金,6e,と,True,True,False,86,50,-500,香5g,-1100,香5g
金,5d,金,6e,成香,True,True,False,86,50,-300,香5g,-900,香5g
金,5d,金,6e,成桂,True,True,False,86,50,-300,香5g,-900,香5g
金,5d,金,6e,成銀,True,True,False,86,50,-100,香5g,-700,香5g
金,5d,金,6e,馬,True,True,False,86,49,0,香5g,-600,香5g
金,5d,金,6e,龍,True,True,False,86,49,0,香5g,-600,香5g
金,5d,角,6e,歩,False,False,True,86,69,0,歩5f,0,歩5f
金,5d,角,6e,香,False,False,True,86,68,0,歩5f,0,歩5f
金,5d,角,6e,桂,False,False,True,86,73,0,歩5f,0,歩5f
金,5d,角,6e,銀,False,False,True,86,58,0,香5g,0,香5g
金,5d,角,6e,金,False,True,False,86,54,0,香5g,0,香5g
金,5d,角,6e,角,False,False,True,86,66,0,香5g,0,香5g
金,5d,角,6e,飛,False,True,False,86,64,800,歩5f,800,歩5f
金,5d,角,6e,と,False,True,False,86,54,-500,香5g,-500,香5g
金,5d,角,6e,成香,False,True,False,86,54,-300,香5g,-300,香5g
金,5d,角,6e,成桂,False,True,False,86,54,-300,香5g,-300,香5g
金,5d,角,6e,成銀,False,True,False,86,54,-100,香5g,-100,香5g
金,5d,角,6e,馬,False,True,False,86,53,600,香5g,600,香5g
金,5d,角,6e,龍,False,True,False,86,53,1000,香5g,1000,香5g
金,5d,飛,6e,歩,True,False,False,86,69,800,歩5f,800,歩5f
金,5d,飛,6e,香,True,False,False,86,68,800,歩5f,800,歩5f
金,5d,飛,6e,桂,True,False,False,86,73,800,歩5f,800,歩5f
金,5d,飛,6e,銀,True,False,False,86,58,800,香5g,800,香5g
金,5d,飛,6e,金,True,True,False,86,58,0,香5g,-600,香5g
金,5d,飛,6e,角,True,False,False,86,66,800,香5g,800,香5g
金,5d,飛,6e,飛,True,True,False,86,68,800,歩5f,600,歩5f
金,5d,飛,6e,と,True,True,False,86,58,-500,香5g,-1100,香5g
金,5d,飛,6e,成香,True,True,False,86,58,-300,香5g,-900,香5g
金,5d,飛,6e,成桂,True,True,False,86,58,-300,香5g,-900,香5g
金,5d,飛,6e,成銀,True,True,False,86,58,-100,香5g,-700,香5g
金,5d,飛,6e,馬,True,True,False,86,57,600,香5g,0,香5g
金,5d,飛,6e,龍,True,True,False,86,57,800,香5g,200,香5g
金,5d,と,6e,歩,True,False,False,86,61,-500,歩5f,-500,歩5f
金,5d,と,6e,香,True,False,False,86,60,-500,歩5f,-500,歩5f
金,5d,と,6e,桂,True,False,False,86,65,-500,歩5f,-500,歩5f
金,5d,と,6e,銀,True,False,False,86,50,-500,香5g,-500,香5g
金,5d,と,6e,金,True,True,False,86,50,-500,香5g,-1100,香5g
金,5d,と,6e,角,True,False,False,86,58,-500,香5g,-500,香5g
金,5d,と,6e,飛,True,True,False,86,60,-500,歩5f,-700,歩5f
金,5d,と,6e,と,True,True,False,86,50,-500,香5g,-1100,香5g
金,5d,と,6e,成香,True,True,False,86,50,-500,香5g,-1100,香5g
金,5d,と,6e,成桂,True,True,False,86,50,-500,香5g,-1100,香5g
金,5d,と,6e,成銀,True,True,False,86,50,-500,香5g,-1100,香5g
金,5d,と,6e,馬,True,True,False,86,49,-500,香5g,-1100,香5g
金,5d,と,6e,龍,True,True,False,86,49,-500,香5g,-1100,香5g
金,5d,成香,6e,歩,True,False,False,86,61,-300,歩5f,-300,歩5f
金,5d,成香,6e,香,True,False,False,86,60,-300,歩5f,-300,歩5f
金,5d,成香,6e,桂,True,False,False,86,65,-300,歩5f,-300,歩5f
金,5d,成香,6e,銀,True,False,False,86,50,-300,香5g,-300,香5g
金,5d,成香,6e,金,True,True,False,86,50,-300,香5g,-900,香5g
金,5d,成香,6e,角,True,False,False,86,58,-300,香5g,-300,香5g
金,5d,成香,6e,飛,True,True,False,86,60,-300,歩5f,-500,歩5f
金,5d,成香,6e,と,True,True,False,86,50,-500,香5g,-1100,香5g
金,5d,成香,6e,成香,True,True,False,86,50,-300,香5g,-900,香5g
金,5d,成香,6e,成桂,True,True,False,86,50,-300,香5g,-900,香5g
金,5d,成香,6e,成銀,True,True,False,86,50,-300,香5g,-900,香5g
金,5d,成香,6e,馬,True,True,False,86,49,-300,香5g,-900,香5g
金,5d,成香,6e,龍,True,True,False,86,49,-300,香5g,-900,香5g
金,5d,成桂,6e,歩,True,False,False,86,61,-300,歩5f,-300,歩5f
金,5d,成桂,6e,香,True,False,False,86,60,-300,歩5f,-300,歩5f
金,5d,成桂,6e,桂,True,False,False,86,65,-300,歩5f,-300,歩5f
金,5d,成桂,6e,銀,True,False,False,86,50,-300,香5g,-300,香5g
金,5d,成桂,6e,金,True,True,False,86,50,-300,香5g,-900,香5g
金,5d,成桂,6e,角,True,False,False,86,58,-300,香5g,-300,香5g
金,5d,成桂,6e,飛,True,True,False,86,60,-300,歩5f,-500,歩5f
金,5d,成桂,6e,と,True,True,False,86,50,-500,香5g,-1100,香5g
金,5d,成桂,6e,成香,True,True,False,86,50,-300,香5g,-900,香5g
金,5d,成桂,6e,成桂,True,True,False,86,50,-300,香5g,-900,香5g
金,5d,成桂,6e,成銀,True,True,False,86,50,-300,香5g,-900,香5g
金,5d,成桂,6e,馬,True,True,False,86,49,-300,香5g,-900,香5g
金,5d,成桂,6e,龍,True,True,False,86,49,-300,香5g,-900,香5g
金,5d,成銀,6e,歩,True,False,False,86,61,-100,歩5f,-100,歩5f
金,5d,成銀,6e,香,True,False,False,86,60,-100,歩5f,-100,歩5f
金,5d,成銀,6e,桂,True,False,False,86,65,-100,歩5f,-100,歩5f
金,5d,成銀,6e,銀,True,False,False,86,50,-100,香5g,-100,香5g
金,5d,成銀,6e,金,True,True,False,86,50,-100,香5g,-700,香5g
金,5d,成銀,6e,角,True,False,False,86,58,-100,香5g,-100,香5g
金,5d,成銀,6e,飛,True,True,False,86,60,-100,歩5f,-300,歩5f
金,5d,成銀,6e,と,True,True,False,86,50,-500,香5g,-1100,香5g
金,5d,成銀,6e,成香,True,True,False,86,50,-300,香5g,-900,香5g
金,5d,成銀,6e,成桂,True,True,False,86,50,-300,香5g,-900,香5g
金,5d,成銀,6e,成銀,True,True,False,86,50,-100,香5g,-700,香5g
金,5d,成銀,6e,馬,True,True,False,86,49,-100,香5g,-700,香5g
金,5d,成銀,6e,龍,True,True,False,86,49,-100,香5g,-700,香5g
金,5d,馬,6e,歩,True,False,False,86,61,600,歩5f,600,歩5f
金,5d,馬,6e,香,True,False,False,86,60,600,歩5f,600,歩5f
金,5d,馬,6e,桂,True,False,False,86,65,600,歩5f,600,歩5f
金,5d,馬,6e,銀,True,False,False,86,50,600,香5g,600,香5g
金,5d,馬,6e,金,True,True,False,86,50,0,香5g,-600,香5g
金,5d,馬,6e,角,True,False,False,86,58,600,香5g,600,香5g
金,5d,馬,6e,飛,True,True,False,86,60,600,歩5f,400,歩5f
金,5d,馬,6e,と,True,True,False,86,50,-500,香5g,-1100,香5g
金,5d,馬,6e,成香,True,True,False,86,50,-300,香5g,-900,香5g
金,5d,馬,6e,成桂,True,True,False,86,50,-300,香5g,-900,香5g
金,5d,馬,6e,成銀,True,True,False,86,50,-100,香5g,-700,香5g
金,5d,馬,6e,馬,True,True,False,86,49,600,香5g,0,香5g
金,5d,馬,6e,龍,True,True,False,86,49,600,香5g,0,香5g
金,5d,龍,6e,歩,True,False,False,86,61,1000,歩5f,1000,歩5f
金,5d,龍,6e,香,True,False,False,86,60,1000,歩5f,1000,歩5f
金,5d,龍,6e,桂,True,False,False,86,65,1000,歩5f,1000,歩5f
金,5d,龍,6e,銀,True,False,False,86,50,1000,香5g,1000,香5g
金,5d,龍,6e,金,True,True,False,86,50,0,香5g,-600,香5g
金,5d,龍,6e,角,True,False,False,86,58,1000,香5g,1000,香5g
金,5d,龍,6e,飛,True,True,False,86,60,800,歩5f,600,歩5f
金,5d,龍,6e,と,True,True,False,86,50,-500,香5g,-1100,香5g
金,5d,龍,6e,成香,True,True,False,86,50,-300,香5g,-900,香5g
金,5d,龍,6e,成桂,True,True,False,86,50,-300,香5g,-900,香5g
金,5d,龍,6e,成銀,True,True,False,86,50,-100,香5g,-700,香5g
金,5d,龍,6e,馬,True,True,False,86,49,600,香5g,0,香5g
金,5d,龍,6e,龍,True,True,False,86,49,1000,香5g,400,香5g
金,5d,歩,5f,歩,True,False,False,80,80,-1000,桂6g,-1000,桂6g
金,5d,歩,5f,香,True,False,False,80,80,-1000,桂6g,-1000,桂6g
金,5d,歩,5f,桂,True,False,False,80,80,-1000,桂6g,-1000,桂6g
金,5d,歩,5f,銀,True,False,False,80,62,-1000,銀6d,-1000,銀6d
金,5d,歩,5f,金,True,True,False,80,60,-1000,銀6d,-1700,と6e
金,5d,歩,5f,角,True,False,False,80,62,-1000,銀6d,-1000,銀6d
金,5d,歩,5f,飛,True,True,False,80,62,-1000,桂6g,-1600,桂6g
金,5d,歩,5f,と,True,True,False,80,60,-1000,銀6d,-1700,と6e
金,5d,歩,5f,成香,True,True,False,80,60,-1000,銀6d,-1700,と6e
金,5d,歩,5f,成桂,True,True,False,80,60,-1000,銀6d,-1700,と6e
金,5d,歩,5f,成銀,True,True,False,80,60,-1000,銀6d,-1700,と6e
金,5d,歩,5f,馬,True,True,False,80,44,-1000,銀6d,-2000,銀6d
金,5d,歩,5f,龍,True,True,False,80,44,-1000,銀6d,-2000,銀6d
金,5d,香,5f,歩,True,False,False,80,80,-600,桂6g,-600,桂6g
金,5d,香,5f,香,True,False,False,80,80,-600,桂6g,-600,桂6g
金,5d,香,5f,桂,True,False,False,80,80,-600,桂6g,-600,桂6g
金,5d,香,5f,銀,True,False,False,80,62,-600,銀6d,-600,銀6d
金,5d,香,5f,金,True,True,False,80,60,-600,銀6d,-1300,と6e
金,5d,香,5f,角,True,False,False,80,62,-600,銀6d,-600,銀6d
金,5d,香,5f,飛,True,True,False,80,62,-600,桂6g,-1200,桂6g
金,5d,香,5f,と,True,True,False,80,60,-600,銀6d,-1300,と6e
金,5d,香,5f,成香,True,True,False,80,60,-600,銀6d,-1300,と6e
金,5d,香,5f,成桂,True,True,False,80,60,-600,銀6d,-1300,と6e
金,5d,香,5f,成銀,True,True,False,80,60,-600,銀6d,-1300,と6e
金,5d,香,5f,馬,True,True,False,80,44,-600,銀6d,-1600,銀6d
金,5d,香,5f,龍,True,True,False,80,44,-600,銀6d,-1600,銀6d
金,5d,桂,5f,歩,False,False,True,80,62,0,桂6g,0,桂6g
金,5d,桂,5f,香,False,False,True,80,62,0,桂6g,0,桂6g
金,5d,桂,5f,桂,False,False,True,80,62,0,桂6g,0,桂6g
金,5d,桂,5f,銀,False,False,True,80,44,0,銀6d,0,銀6d
金,5d,桂,5f,金,False,True,False,80,60,0,銀6d,0,銀6d
金,5d,桂,5f,角,False,False,True,80,44,0,銀6d,0,銀6d
金,5d,桂,5f,飛,False,True,False,80,62,800,桂6g,800,桂6g
金,5d,桂,5f,と,False,True,False,80,60,-500,銀6d,-500,銀6d
金,5d,桂,5f,成香,False,True,False,80,60,-300,銀6d,-300,銀6d
金,5d,桂,5f,成桂,False,True,False,80,60,-300,銀6d,-300,銀6d
金,5d,桂,5f,成銀,False,True,False,80,60,-100,銀6d,-100,銀6d
金,5d,桂,5f,馬,False,True,False,80,44,600,銀6d,600,銀6d
金,5d,桂,5f,龍,False,True,False,80,44,1000,銀6d,1000,銀6d
金,5d,銀,5f,歩,True,False,False,80,64,-200,桂6g,-200,桂6g
金,5d,銀,5f,香,True,False,False,80,64,-200,桂6g,-200,桂6g
金,5d,銀,5f,桂,True,False,False,80,64,-200,桂6g,-200,桂6g
金,5d,銀,5f,銀,True,False,False,80,62,-200,銀6d,-200,銀6d
金,5d,銀,5f,金,True,True,False,80,44,-200,銀6d,-1200,銀6d
金,5d,銀,5f,角,True,False,False,80,62,-200,銀6d,-200,銀6d
金,5d,銀,5f,飛,True,True,False,80,46,-200,桂6g,-800,桂6g
金,5d,銀,5f,と,True,True,False,80,44,-500,銀6d,-1500,銀6d
金,5d,銀,5f,成香,True,True,False,80,44,-300,銀6d,-1300,銀6d
金,5d,銀,5f,成桂,True,True,False,80,44,-300,銀6d,-1300,銀6d
金,5d,銀,5f,成銀,True,True,False,80,44,-200,銀6d,-1200,銀6d
金,5d,銀,5f,馬,True,True,False,80,44,-200,銀6d,-1200,銀6d
金,5d,銀,5f,龍,True,True,False,80,44,-200,銀6d,-1200,銀6d
金,5d,金,5f,歩,True,False,False,80,56,0,桂6g,0,桂6g
金,5d,金,5f,香,True,False,False,80,56,0,桂6g,0,桂6g
金,5d,金,5f,桂,True,False,False,80,56,0,桂6g,0,桂6g
金,5d,金,5f,銀,True,False,False,80,54,0,銀6f,0,銀6f
金,5d,金,5f,金,True,True,False,80,36,0,角9a,-1600,角9a
金,5d,金,5f,角,True,False,False,80,54,0,銀6f,0,銀6f
金,5d,金,5f,飛,True,True,False,80,38,0,桂6g,-600,桂6g
金,5d,金,5f,と,True,True,False,80,36,-500,角9a,-2100,角9a
金,5d,金,5f,成香,True,True,False,80,36,-300,角9a,-1900,角9a
金,5d,金,5f,成桂,True,True,False,80,36,-300,角9a,-1900,角9a
金,5d,金,5f,成銀,True,True,False,80,36,-100,角9a,-1700,角9a
金,5d,金,5f,馬,True,True,False,80,36,0,角9a,-1600,角9a
金,5d,金,5f,龍,True,True,False,80,36,0,角9a,-1600,角9a
金,5d,角,5f,歩,False,False,True,80,64,0,桂6g,0,桂6g
金,5d,角,5f,香,False,False,True,80,64,0,桂6g,0,桂6g
金,5d,角,5f,桂,False,False,True,80,64,0,桂6g,0,桂6g
金,5d,角,5f,銀,False,False,True,80,62,0,銀6d,0,銀6d
金,5d,角,5f,金,False,True,False,80,44,0,銀6d,0,銀6d
金,5d,角,5f,角,False,False,True,80,62,0,銀6d,0,銀6d
金,5d,角,5f,飛,False,True,False,80,46,800,桂6g,800,桂6g
金,5d,角,5f,と,False,True,False,80,44,-500,銀6d,-500,銀6d
金,5d,角,5f,成香,False,True,False,80,44,-300,銀6d,-300,銀6d
金,5d,角,5f,成桂,False,True,False,80,44,-300,銀6d,-300,銀6d
金,5d,角,5f,成銀,False,True,False,80,44,-100,銀6d,-100,銀6d
金,5d,角,5f,馬,False,True,False,80,44,600,銀6d,600,銀6d
金,5d,角,5f,龍,False,True,False,80,44,1000,銀6d,1000,銀6d
金,5d,飛,5f,歩,True,False,False,80,72,800,桂6g,800,桂6g
金,5d,飛,5f,香,True,False,False,80,72,800,桂6g,800,桂6g
金,5d,飛,5f,桂,True,False,False,80,72,800,桂6g,800,桂6g
金,5d,飛,5f,銀,True,False,False,80,54,800,銀6f,800,銀6f
金,5d,飛,5f,金,True,True,False,80,52,0,金6e,-700,と6e
金,5d,飛,5f,角,True,False,False,80,54,800,銀6f,800,銀6f
金,5d,飛,5f,飛,True,True,False,80,54,800,桂6g,200,桂6g
金,5d,飛,5f,と,True,True,False,80,52,-500,金6e,-1200,と6e
金,5d,飛,5f,成香,True,True,False,80,52,-300,金6e,-1000,と6e
金,5d,飛,5f,成桂,True,True,False,80,52,-300,金6e,-1000,と6e
金,5d,飛,5f,成銀,True,True,False,80,52,-100,金6e,-800,と6e
金,5d,飛,5f,馬,True,True,False,80,36,600,角9a,-1000,角9a
金,5d,飛,5f,龍,True,True,False,80,36,800,角9a,-800,角9a
金,5d,と,5f,歩,True,False,False,80,56,-500,桂6g,-500,桂6g
金,5d,と,5f,香,True,False,False,80,56,-500,桂6g,-500,桂6g
金,5d,と,5f,桂,True,False,False,80,56,-500,桂6g,-500,桂6g
金,5d,と,5f,銀,True,False,False,80,54,-500,銀6f,-500,銀6f
金,5d,と,5f,金,True,True,False,80,36,-500,角9a,-2100,角9a
金,5d,と,5f,角,True,False,False,80,54,-500,銀6f,-500,銀6f
金,5d,と,5f,飛,True,True,False,80,38,-500,桂6g,-1100,桂6g
金,5d,と,5f,と,True,True,False,80,36,-500,角9a,-2100,角9a
金,5d,と,5f,成香,True,True,False,80,36,-500,角9a,-2100,角9a
金,5d,と,5f,成桂,True,True,False,80,36,-500,角9a,-2100,角9a
金,5d,と,5f,成銀,True,True,False,80,36,-500,角9a,-2100,角9a
金,5d,と,5f,馬,True,True,False,80,36,-500,角9a,-2100,角9a
金,5d,と,5f,龍,True,True,False,80,36,-500,角9a,-2100,角9a
金,5d,成香,5f,歩,True,False,False,80,56,-300,桂6g,-300,桂6g
金,5d,成香,5f,香,True,False,False,80,56,-300,桂6g,-300,桂6g
金,5d,成香,5f,桂,True,False,False,80,56,-300,桂6g,-300,桂6g
金,5d,成香,5f,銀,True,False,False,80,54,-300,銀6f,-300,銀6f
金,5d,成香,5f,金,True,True,False,80,36,-300,角9a,-1900,角9a
金,5d,成香,5f,角,True,False,False,80,54,-300,銀6f,-300,銀6f
金,5d,成香,5f,飛,True,True,False,80,38,-300,桂6g,-900,桂6g
金,5d,成香,5f,と,True,True,False,80,36,-500,角9a,-2100,角9a
金,5d,成香,5f,成香,True,True,False,80,36,-300,角9a,-1900,角9a
金,5d,成香,5f,成桂,True,True,False,80,36,-300,角9a,-1900,角9a
金,5d,成香,5f,成銀,True,True,False,80,36,-300,角9a,-1900,角9a
金,5d,成香,5f,馬,True,True,False,80,36,-300,角9a,-1900,角9a
金,5d,成香,5f,龍,True,True,False,80,36,-300,角9a,-1900,角9a
金,5d,成桂,5f,歩,True,False,False,80,56,-300,桂6g,-300,桂6g
金,5d,成桂,5f,香,True,False,False,80,56,-300,桂6g,-300,桂6g
金,5d,成桂,5f,桂,True,False,False,80,56,-300,桂6g,-300,桂6g
金,5d,成桂,5f,銀,True,False,False,80,54,-300,銀6f,-300,銀6f
金,5d,成桂,5f,金,True,True,False,80,36,-300,角9a,-1900,角9a
金,5d,成桂,5f,角,True,False,False,80,54,-300,銀6f,-300,銀6f
金,5d,成桂,5f,飛,True,True,False,80,38,-300,桂6g,-900,桂6g
金,5d,成桂,5f,と,True,True,False,80,36,-500,角9a,-2100,角9a
金,5d,成桂,5f,成香,True,True,False,80,36,-300,角9a,-1900,角9a
金,5d,成桂,5f,成桂,True,True,False,80,36,-300,角9a,-1900,角9a
金,5d,成桂,5f,成銀,True,True,False,80,36,-300,角9a,-1900,角9a
金,5d,成桂,5f,馬,True,True,False,80,36,-300,角9a,-1900,角9a
金,5d,成桂,5f,龍,True,True,False,80,36,-300,角9a,-1900,角9a
金,5d,成銀,5f,歩,True,False,False,80,56,-100,桂6g,-100,桂6g
金,5d,成銀,5f,香,True,False,False,80,56,-100,桂6g,-100,桂6g
金,5d,成銀,5f,桂,True,False,False,80,56,-100,桂6g,-100,桂6g
金,5d,成銀,5f,銀,True,False,False,80,54,-100,銀6f,-100,銀6f
金,5d,成銀,5f,金,True,True,False,80,36,-100,角9a,-1700,角9a
金,5d,成銀,5f,角,True,False,False,80,54,-100,銀6f,-100,銀6f
金,5d,成銀,5f,飛,True,True,False,80,38,-100,桂6g,-700,桂6g
金,5d,成銀,5f,と,True,True,False,80,36,-500,角9a,-2100,角9a
金,5d,成銀,5f,成香,True,True,False,80,36,-300,角9a,-1900,角9a
金,5d,成銀,5f,成桂,True,True,False,80,36,-300,角9a,-1900,角9a
金,5d,成銀,5f,成銀,True,True,False,80,36,-100,角9a,-1700,角9a
金,5d,成銀,5f,馬,True,True,False,80,36,-100,角9a,-1700,角9a
金,5d,成銀,5f,龍,True,True,False,80,36,-100,角9a,-1700,角9a
金,5d,馬,5f,歩,True,False,False,80,56,600,桂6g,600,桂6g
金,5d,馬,5f,香,True,False,False,80,56,600,桂6g,600,桂6g
金,5d,馬,5f,桂,True,False,False,80,56,600,桂6g,600,桂6g
金,5d,馬,5f,銀,True,False,False,80,54,600,銀6f,600,銀6f
金,5d,馬,5f,金,True,True,False,80,36,0,角9a,-1600,角9a
金,5d,馬,5f,角,True,False,False,80,54,600,銀6f,600,銀6f
金,5d,馬,5f,飛,True,True,False,80,38,600,桂6g,0,桂6g
金,5d,馬,5f,と,True,True,False,80,36,-500,角9a,-2100,角9a
金,5d,馬,5f,成香,True,True,False,80,36,-300,角9a,-1900,角9a
金,5d,馬,5f,成桂,True,True,False,80,36,-300,角9a,-1900,角9a
金,5d,馬,5f,成銀,True,True,False,80,36,-100,角9a,-1700,角9a
金,5d,馬,5f,馬,True,True,False,80,36,600,角9a,-1000,角9a
金,5d,馬,5f,龍,True,True,False,80,36,600,角9a,-1000,角9a
金,5d,龍,5f,歩,True,False,False,80,56,1000,桂6g,1000,桂6g
金,5d,龍,5f,香,True,False,False,80,56,1000,桂6g,1000,桂6g
金,5d,龍,5f,桂,True,False,False,80,56,1000,桂6g,1000,桂6g
金,5d,龍,5f,銀,True,False,False,80,54,1000,銀6f,1000,銀6f
金,5d,龍,5f,金,True,True,False,80,36,0,角9a,-1600,角9a
金,5d,龍,5f,角,True,False,False,80,54,1000,銀6f,1000,銀6f
金,5d,龍,5f,飛,True,True,False,80,38,800,桂6g,200,桂6g
金,5d,龍,5f,と,True,True,False,80,36,-500,角9a,-2100,角9a
金,5d,龍,5f,成香,True,True,False,80,36,-300,角9a,-1900,角9a
金,5d,龍,5f,成桂,True,True,False,80,36,-300,角9a,-1900,角9a
金,5d,龍,5f,成銀,True,True,False,80,36,-100,角9a,-1700,角9a
金,5d,龍,5f,馬,True,True,False,80,36,600,角9a,-1000,角9a
金,5d,龍,5f,龍,True,True,False,80,36,1000,角9a,-600,角9a
金,6d,歩,4e,歩,False,False,True,90,73,0,歩5f,0,歩5f
金,6d,歩,4e,香,False,False,True,90,72,0,歩5f,0,歩5f
金,6d,歩,4e,桂,False,False,True,90,77,0,歩5f,0,歩5f
金,6d,歩,4e,銀,False,False,True,90,54,0,香5g,0,香5g
金,6d,歩,4e,金,False,True,False,90,58,0,香5g,0,香5g
金,6d,歩,4e,角,False,False,True,90,62,0,香5g,0,香5g
金,6d,歩,4e,飛,False,True,False,90,68,800,歩5f,800,歩5f
金,6d,歩,4e,と,False,True,False,90,58,-500,香5g,-500,香5g
金,6d,歩,4e,成香,False,True,False,90,58,-300,香5g,-300,香5g
金,6d,歩,4e,成桂,False,True,False,90,58,-300,香5g,-300,香5g
金,6d,歩,4e,成銀,False,True,False,90,58,-100,香5g,-100,香5g
金,6d,歩,4e,馬,False,True,False,90,49,600,香5g,600,香5g
金,6d,歩,4e,龍,False,True,False,90,49,1000,香5g,1000,香5g
金,6d,香,4e,歩,False,False,True,90,63,0,歩5f,0,歩5f
金,6d,香,4e,香,False,False,True,90,62,0,歩5f,0,歩5f
金,6d,香,4e,桂,False,False,True,90,67,0,歩5f,0,歩5f
金,6d,香,4e,銀,False,False,True,90,44,0,香5g,0,香5g
金,6d,香,4e,金,False,True,False,90,48,0,香5g,0,香5g
金,6d,香,4e,角,False,False,True,90,53,0,香5g,0,香5g
金,6d,香,4e,飛,False,True,False,90,58,800,歩5f,800,歩5f
金,6d,香,4e,と,False,True,False,90,48,-500,香5g,-500,香5g
金,6d,香,4e,成香,False,True,False,90,48,-300,香5g,-300,香5g
金,6d,香,4e,成桂,False,True,False,90,48,-300,香5g,-300,香5g
金,6d,香,4e,成銀,False,True,False,90,48,-100,香5g,-100,香5g
金,6d,香,4e,馬,False,True,False,90,40,600,香5g,600,香5g
金,6d,香,4e,龍,False,True,False,90,39,1000,香5g,1000,香5g
金,6d,桂,4e,歩,False,False,True,90,70,0,香5g,0,香5g
金,6d,桂,4e,香,False,False,True,90,69,0,香5g,0,香5g
金,6d,桂,4e,桂,False,False,True,90,74,0,香5h,0,香5h
金,6d,桂,4e,銀,False,False,True,90,62,0,香5g,0,香5g
金,6d,桂,4e,金,False,True,False,90,66,0,香5g,0,香5g
金,6d,桂,4e,角,False,False,True,90,70,0,香5g,0,香5g
金,6d,桂,4e,飛,False,True,False,90,65,800,香5g,800,香5g
金,6d,桂,4e,と,False,True,False,90,66,-500,香5g,-500,香5g
金,6d,桂,4e,成香,False,True,False,90,66,-300,香5g,-300,香5g
金,6d,桂,4e,成桂,False,True,False,90,66,-300,香5g,-300,香5g
金,6d,桂,4e,成銀,False,True,False,90,66,-100,香5g,-100,香5g
金,6d,桂,4e,馬,False,True,False,90,57,600,香5g,600,香5g
金,6d,桂,4e,龍,False,True,False,90,57,1000,香5g,1000,香5g
金,6d,銀,4e,歩,True,False,False,90,69,-200,歩5f,-200,歩5f
金,6d,銀,4e,香,True,False,False,90,68,-200,歩5f,-200,歩5f
金,6d,銀,4e,桂,True,False,False,90,73,-200,歩5f,-200,歩5f
金,6d,銀,4e,銀,True,False,False,90,50,-200,香5g,-200,香5g
金,6d,銀,4e,金,True,True,False,90,54,-200,香5g,-800,香5g
金,6d,銀,4e,角,True,False,False,90,58,-200,香5g,-200,香5g
金,6d,銀,4e,飛,True,True,False,90,64,-200,歩5f,-400,歩5f
金,6d,銀,4e,と,True,True,False,90,54,-500,香5g,-1100,香5g
金,6d,銀,4e,成香,True,True,False,90,54,-300,香5g,-900,香5g
金,6d,銀,4e,成桂,True,True,False,90,54,-300,香5g,-900,香5g
金,6d,銀,4e,成銀,True,True,False,90,54,-200,香5g,-800,香5g
金,6d,銀,4e,馬,True,True,False,90,45,-200,香5g,-800,香5g
金,6d,銀,4e,龍,True,True,False,90,45,-200,香5g,-800,香5g
金,6d,金,4e,歩,True,False,False,90,63,0,歩5f,0,歩5f
金,6d,金,4e,香,True,False,False,90,62,0,歩5f,0,歩5f
金,6d,金,4e,桂,True,False,False,90,67,0,歩5f,0,歩5f
金,6d,金,4e,銀,True,False,False,90,52,0,香5g,0,香5g
金,6d,金,4e,金,True,True,False,90,48,0,香5g,-600,香5g
金,6d,金,4e,角,True,False,False,90,60,0,香5g,0,香5g
金,6d,金,4e,飛,True,True,False,90,58,0,歩5f,-200,歩5f
金,6d,金,4e,と,True,True,False,90,48,-500,香5g,-1100,香5g
金,6d,金,4e,成香,True,True,False,90,48,-300,香5g,-900,香5g
金,6d,金,4e,成桂,True,True,False,90,48,-300,香5g,-900,香5g
金,6d,金,4e,成銀,True,True,False,90,48,-100,香5g,-700,香5g
金,6d,金,4e,馬,True,True,False,90,47,0,香5g,-600,香5g
金,6d,金,4e,龍,True,True,False,90,47,0,香5g,-600,香5g
金,6d,角,4e,歩,True,False,False,90,77,400,歩5f,400,歩5f
金,6d,角,4e,香,True,False,False,90,76,400,歩5f,400,歩5f
金,6d,角,4e,桂,True,False,False,90,81,400,歩5f,400,歩5f
金,6d,角,4e,銀,True,False,False,90,58,400,香5g,400,香5g
金,6d,角,4e,金,True,True,False,90,62,0,香5g,-600,香5g
金,6d,角,4e,角,True,False,False,90,66,400,香5g,400,香5g
金,6d,角,4e,飛,True,True,False,90,72,400,歩5f,200,歩5f
金,6d,角,4e,と,True,True,False,90,62,-500,香5g,-1100,香5g
金,6d,角,4e,成香,True,True,False,90,62,-300,香5g,-900,香5g
金,6d,角,4e,成桂,True,True,False,90,62,-300,香5g,-900,香5g
金,6d,角,4e,成銀,True,True,False,90,62,-100,香5g,-700,香5g
金,6d,角,4e,馬,True,True,False,90,53,400,香5g,-200,香5g
金,6d,角,4e,龍,True,True,False,90,53,400,香5g,-200,香5g
金,6d,飛,4e,歩,False,False,True,90,51,0,歩5f,0,歩5f
金,6d,飛,4e,香,False,False,True,90,50,0,歩5f,0,歩5f
金,6d,飛,4e,桂,False,False,True,90,55,0,歩5f,0,歩5f
金,6d,飛,4e,銀,False,False,True,90,40,0,香5g,0,香5g
金,6d,飛,4e,金,False,True,False,90,40,0,香5g,0,香5g
金,6d,飛,4e,角,False,False,True,90,49,0,香5g,0,香5g
金,6d,飛,4e,飛,False,True,False,90,50,800,歩5f,800,歩5f
金,6d,飛,4e,と,False,True,False,90,40,-500,香5g,-500,香5g
金,6d,飛,4e,成香,False,True,False,90,40,-300,香5g,-300,香5g
金,6d,飛,4e,成桂,False,True,False,90,40,-300,香5g,-300,香5g
金,6d,飛,4e,成銀,False,True,False,90,40,-100,香5g,-100,香5g
金,6d,飛,4e,馬,False,True,False,90,40,600,香5g,600,香5g
金,6d,飛,4e,龍,False,True,False,90,39,1000,香5g,1000,香5g
金,6d,と,4e,歩,True,False,False,90,63,-500,歩5f,-500,歩5f
金,6d,と,4e,香,True,False,False,90,62,-500,歩5f,-500,歩5f
金,6d,と,4e,桂,True,False,False,90,67,-500,歩5f,-500,歩5f
金,6d,と,4e,銀,True,False,False,90,52,-500,香5g,-500,香5g
金,6d,と,4e,金,True,True,False,90,48,-500,香5g,-1100,香5g
金,6d,と,4e,角,True,False,False,90,60,-500,香5g,-500,香5g
金,6d,と,4e,飛,True,True,False,90,58,-500,歩5f,-700,歩5f
金,6d,と,4e,と,True,True,False,90,48,-500,香5g,-1100,香5g
金,6d,と,4e,成香,True,True,False,90,48,-500,香5g,-1100,香5g
金,6d,と,4e,成桂,True,True,False,90,48,-500,香5g,-1100,香5g
金,6d,と,4e,成銀,True,True,False,90,48,-500,香5g,-1100,香5g
金,6d,と,4e,馬,True,True,False,90,47,-500,香5g,-1100,香5g
金,6d,と,4e,龍,True,True,False,90,47,-500,香5g,-1100,香5g
金,6d,成香,4e,歩,True,False,False,90,63,-300,歩5f,-300,歩5f
金,6d,成香,4e,香,True,False,False,90,62,-300,歩5f,-300,歩5f
金,6d,成香,4e,桂,True,False,False,90,67,-300,歩5f,-300,歩5f
金,6d,成香,4e,銀,True,False,False,90,52,-300,香5g,-300,香5g
金,6d,成香,4e,金,True,True,False,90,48,-300,香5g,-900,香5g
金,6d,成香,4e,角,True,False,False,90,60,-300,香5g,-300,香5g
金,6d,成香,4e,飛,True,True,False,90,58,-300,歩5f,-500,歩5f
金,6d,成香,4e,と,True,True,False,90,48,-500,香5g,-1100,香5g
金,6d,成香,4e,成香,True,True,False,90,48,-300,香5g,-900,香5g
金,6d,成香,4e,成桂,True,True,False,90,48,-300,香5g,-900,香5g
金,6d,成香,4e,成銀,True,True,False,90,48,-300,香5g,-900,香5g
金,6d,成香,4e,馬,True,True,False,90,47,-300,香5g,-900,香5g
金,6d,成香,4e,龍,True,True,False,90,47,-300,香5g,-900,香5g
金,6d,成桂,4e,歩,True,False,False,90,63,-300,歩5f,-300,歩5f
金,6d,成桂,4e,香,True,False,False,90,62,-300,歩5f,-300,歩5f
金,6d,成桂,4e,桂,True,False,False,90,67,-300,歩5f,-300,歩5f
金,6d,成桂,4e,銀,True,False,False,90,52,-300,香5g,-300,香5g
金,6d,成桂,4e,金,True,True,False,90,48,-300,香5g,-900,香5g
金,6d,成桂,4e,角,True,False,False,90,60,-300,香5g,-300,香5g
金,6d,成桂,4e,飛,True,True,False,90,58,-300,歩5f,-500,歩5f
金,6d,成桂,4e,と,True,True,False,90,48,-500,香5g,-1100,香5g
金,6d,成桂,4e,成香,True,True,False,90,48,-300,香5g,-900,香5g
金,6d,成桂,4e,成桂,True,True,False,90,48,-300,香5g,-900,香5g
金,6d,成桂,4e,成銀,True,True,False,90,48,-300,香5g,-900,香5g
金,6d,成桂,4e,馬,True,True,False,90,47,-300,香5g,-900,香5g
金,6d,成桂,4e,龍,True,True,False,90,47,-300,香5g,-900,香5g
金,6d,成銀,4e,歩,True,False,False,90,63,-100,歩5f,-100,歩5f
金,6d,成銀,4e,香,True,False,False,90,62,-100,歩5f,-100,歩5f
金,6d,成銀,4e,桂,True,False,False,90,67,-100,歩5f,-100,歩5f
金,6d,成銀,4e,銀,True,False,False,90,52,-100,香5g,-100,香5g
金,6d,成銀,4e,金,True,True,False,90,48,-100,香5g,-700,香5g
金,6d,成銀,4e,角,True,False,False,90,60,-100,香5g,-100,香5g
金,6d,成銀,4e,飛,True,True,False,90,58,-100,歩5f,-300,歩5f
金,6d,成銀,4e,と,True,True,False,90,48,-500,香5g,-1100,香5g
金,6d,成銀,4e,成香,True,True,False,90,48,-300,香5g,-900,香5g
金,6d,成銀,4e,成桂,True,True,False,90,48,-300,香5g,-900,香5g
金,6d,成銀,4e,成銀,True,True,False,90,48,-100,香5g,-700,香5g
金,6d,成銀,4e,馬,True,True,False,90,47,-100,香5g,-700,香5g
金,6d,成銀,4e,龍,True,True,False,90,47,-100,香5g,-700,香5g
金,6d,馬,4e,歩,True,False,False,90,61,600,歩5f,600,歩5f
金,6d,馬,4e,香,True,False,False,90,60,600,歩5f,600,歩5f
金,6d,馬,4e,桂,True,False,False,90,65,600,歩5f,600,歩5f
金,6d,馬,4e,銀,True,False,False,90,50,600,香5g,600,香5g
金,6d,馬,4e,金,True,True,False,90,46,0,香5g,-600,香5g
金,6d,馬,4e,角,True,False,False,90,58,600,香5g,600,香5g
金,6d,馬,4e,飛,True,True,False,90,56,600,歩5f,400,歩5f
金,6d,馬,4e,と,True,True,False,90,46,-500,香5g,-1100,香5g
金,6d,馬,4e,成香,True,True,False,90,46,-300,香5g,-900,香5g
金,6d,馬,4e,成桂,True,True,False,90,46,-300,香5g,-900,香5g
金,6d,馬,4e,成銀,True,True,False,90,46,-100,香5g,-700,香5g
金,6d,馬,4e,馬,True,True,False,90,45,600,香5g,0,香5g
金,6d,馬,4e,龍,True,True,False,90,45,600,香5g,0,香5g
金,6d,龍,4e,歩,True,False,False,90,47,1000,歩5f,1000,歩5f
金,6d,龍,4e,香,True,False,False,90,46,1000,歩5f,1000,歩5f
金,6d,龍,4e,桂,True,False,False,90,51,1000,歩5f,1000,歩5f
金,6d,龍,4e,銀,True,False,False,90,36,1000,香5g,1000,香5g
金,6d,龍,4e,金,True,True,False,90,36,0,香5g,-600,香5g
金,6d,龍,4e,角,True,False,False,90,45,1000,香5g,1000,香5g
金,6d,龍,4e,飛,True,True,False,90,46,800,歩5f,600,歩5f
金,6d,龍,4e,と,True,True,False,90,36,-500,香5g,-1100,香5g
金,6d,龍,4e,成香,True,True,False,90,36,-300,香5g,-900,香5g
金,6d,龍,4e,成桂,True,True,False,90,36,-300,香5g,-900,香5g
金,6d,龍,4e,成銀,True,True,False,90,36,-100,香5g,-700,香5g
金,6d,龍,4e,馬,True,True,False,90,36,600,香5g,0,香5g
金,6d,龍,4e,龍,True,True,False,90,35,1000,香5g,400,香5g
金,6d,歩,6e,歩,False,False,True,90,81,0,歩5f,0,歩5f
金,6d,歩,6e,香,False,False,True,90,80,0,歩5f,0,歩5f
金,6d,歩,6e,桂,False,False,True,90,85,0,歩5f,0,歩5f
金,6d,歩,6e,銀,False,False,True,90,62,0,香5g,0,香5g
金,6d,歩,6e,金,False,True,False,90,70,0,香5g,0,香5g
金,6d,歩,6e,角,False,False,True,90,70,0,香5g,0,香5g
金,6d,歩,6e,飛,False,True,False,90,80,800,歩5f,800,歩5f
金,6d,歩,6e,と,False,True,False,90,70,-500,香5g,-500,香5g
金,6d,歩,6e,成香,False,True,False,90,70,-300,香5g,-300,香5g
金,6d,歩,6e,成桂,False,True,False,90,70,-300,香5g,-300,香5g
金,6d,歩,6e,成銀,False,True,False,90,70,-100,香5g,-100,香5g
金,6d,歩,6e,馬,False,True,False,90,61,600,香5g,600,香5g
金,6d,歩,6e,龍,False,True,False,90,61,1000,香5g,1000,香5g
金,6d,香,6e,歩,False,False,True,90,81,0,歩5f,0,歩5f
金,6d,香,6e,香,False,False,True,90,80,0,歩5f,0,歩5f
金,6d,香,6e,桂,False,False,True,90,85,0,歩5f,0,歩5f
金,6d,香,6e,銀,False,False,True,90,62,0,香5g,0,香5g
金,6d,香,6e,金,False,True,False,90,70,0,香5g,0,香5g
金,6d,香,6e,角,False,False,True,90,70,0,香5g,0,香5g
金,6d,香,6e,飛,False,True,False,90,80,800,歩5f,800,歩5f
金,6d,香,6e,と,False,True,False,90,70,-500,香5g,-500,香5g
金,6d,香,6e,成香,False,True,False,90,70,-300,香5g,-300,香5g
金,6d,香,6e,成桂,False,True,False,90,70,-300,香5g,-300,香5g
金,6d,香,6e,成銀,False,True,False,90,70,-100,香5g,-100,香5g
金,6d,香,6e,馬,False,True,False,90,61,600,香5g,600,香5g
金,6d,香,6e,龍,False,True,False,90,61,1000,香5g,1000,香5g
金,6d,桂,6e,歩,False,False,True,90,70,0,香5g,0,香5g
金,6d,桂,6e,香,False,False,True,90,69,0,香5g,0,香5g
金,6d,桂,6e,桂,False,False,True,90,74,0,香5h,0,香5h
金,6d,桂,6e,銀,False,False,True,90,62,0,香5g,0,香5g
金,6d,桂,6e,金,False,True,False,90,70,0,香5g,0,香5g
金,6d,桂,6e,角,False,False,True,90,70,0,香5g,0,香5g
金,6d,桂,6e,飛,False,True,False,90,69,800,香5g,800,香5g
金,6d,桂,6e,と,False,True,False,90,70,-500,香5g,-500,香5g
金,6d,桂,6e,成香,False,True,False,90,70,-300,香5g,-300,香5g
金,6d,桂,6e,成桂,False,True,False,90,70,-300,香5g,-300,香5g
金,6d,桂,6e,成銀,False,True,False,90,70,-100,香5g,-100,香5g
金,6d,桂,6e,馬,False,True,False,90,61,600,香5g,600,香5g
金,6d,桂,6e,龍,False,True,False,90,61,1000,香5g,1000,香5g
金,6d,銀,6e,歩,True,False,False,90,79,-200,歩5f,-200,歩5f
金,6d,銀,6e,香,True,False,False,90,78,-200,歩5f,-200,歩5f
金,6d,銀,6e,桂,True,False,False,90,83,-200,歩5f,-200,歩5f
金,6d,銀,6e,銀,True,False,False,90,60,-200,香5g,-200,香5g
金,6d,銀,6e,金,True,True,False,90,68,-200,香5g,-800,香5g
金,6d,銀,6e,角,True,False,False,90,68,-200,香5g,-200,香5g
金,6d,銀,6e,飛,True,True,False,90,78,-200,歩5f,-400,歩5f
金,6d,銀,6e,と,True,True,False,90,68,-500,香5g,-1100,香5g
金,6d,銀,6e,成香,True,True,False,90,68,-300,香5g,-900,香5g
金,6d,銀,6e,成桂,True,True,False,90,68,-300,香5g,-900,香5g
金,6d,銀,6e,成銀,True,True,False,90,68,-200,香5g,-800,香5g
金,6d,銀,6e,馬,True,True,False,90,59,-200,香5g,-800,香5g
金,6d,銀,6e,龍,True,True,False,90,59,-200,香5g,-800,香5g
金,6d,金,6e,歩,True,False,False,90,73,0,歩5f,0,歩5f
金,6d,金,6e,香,True,False,False,90,72,0,歩5f,0,歩5f
金,6d,金,6e,桂,True,False,False,90,77,0,歩5f,0,歩5f
金,6d,金,6e,銀,True,False,False,90,62,0,香5g,0,香5g
金,6d,金,6e,金,True,True,False,90,62,0,香5g,-600,香5g
金,6d,金,6e,角,True,False,False,90,70,0,香5g,0,香5g
金,6d,金,6e,飛,True,True,False,90,72,0,歩5f,-200,歩5f
金,6d,金,6e,と,True,True,False,90,62,-500,香5g,-1100,香5g
金,6d,金,6e,成香,True,True,False,90,62,-300,香5g,-900,香5g
金,6d,金,6e,成桂,True,True,False,90,62,-300,香5g,-900,香5g
金,6d,金,6e,成銀,True,True,False,90,62,-100,香5g,-700,香5g
金,6d,金,6e,馬,True,True,False,90,61,0,香5g,-600,香5g
金,6d,金,6e,龍,True,True,False,90,61,0,香5g,-600,香5g
金,6d,角,6e,歩,True,False,False,90,79,400,歩5f,400,歩5f
金,6d,角,6e,香,True,False,False,90,78,400,歩5f,400,歩5f
金,6d,角,6e,桂,True,False,False,90,83,400,歩5f,400,歩5f
金,6d,角,6e,銀,True,False,False,90,60,400,香5g,400,香5g
金,6d,角,6e,金,True,True,False,90,68,0,香5g,-600,香5g
金,6d,角,6e,角,True,False,False,90,68,400,香5g,400,香5g
金,6d,角,6e,飛,True,True,False,90,78,400,歩5f,200,歩5f
金,6d,角,6e,と,True,True,False,90,68,-500,香5g,-1100,香5g
金,6d,角,6e,成香,True,True,False,90,68,-300,香5g,-900,香5g
金,6d,角,6e,成桂,True,True,False,90,68,-300,香5g,-900,香5g
金,6d,角,6e,成銀,True,True,False,90,68,-100,香5g,-700,香5g
金,6d,角,6e,馬,True,True,False,90,59,400,香5g,-200,香5g
金,6d,角,6e,龍,True,True,False,90,59,400,香5g,-200,香5g
金,6d,飛,6e,歩,False,False,True,90,69,0,歩5f,0,歩5f
金,6d,飛,6e,香,False,False,True,90,68,0,歩5f,0,歩5f
金,6d,飛,6e,桂,False,False,True,90,73,0,歩5f,0,歩5f
金,6d,飛,6e,銀,False,False,True,90,58,0,香5g,0,香5g
金,6d,飛,6e,金,False,True,False,90,58,0,香5g,0,香5g
金,6d,飛,6e,角,False,False,True,90,66,0,香5g,0,香5g
金,6d,飛,6e,飛,False,True,False,90,68,800,歩5f,800,歩5f
金,6d,飛,6e,と,False,True,False,90,58,-500,香5g,-500,香5g
金,6d,飛,6e,成香,False,True,False,90,58,-300,香5g,-300,香5g
金,6d,飛,6e,成桂,False,True,False,90,58,-300,香5g,-300,香5g
金,6d,飛,6e,成銀,False,True,False,90,58,-100,香5g,-100,香5g
金,6d,飛,6e,馬,False,True,False,90,57,600,香5g,600,香5g
金,6d,飛,6e,龍,False,True,False,90,57,1000,香5g,1000,香5g
金,6d,と,6e,歩,True,False,False,90,73,-500,歩5f,-500,歩5f
金,6d,と,6e,香,True,False,False,90,72,-500,歩5f,-500,歩5f
金,6d,と,6e,桂,True,False,False,90,77,-500,歩5f,-500,歩5f
金,6d,と,6e,銀,True,False,False,90,62,-500,香5g,-500,香5g
金,6d,と,6e,金,True,True,False,90,62,-500,香5g,-1100,香5g
金,6d,と,6e,角,True,False,False,90,70,-500,香5g,-500,香5g
金,6d,と,6e,飛,True,True,False,90,72,-500,歩5f,-700,歩5f
金,6d,と,6e,と,True,True,False,90,62,-500,香5g,-1100,香5g
金,6d,と,6e,成香,True,True,False,90,62,-500,香5g,-1100,香5g
金,6d,と,6e,成桂,True,True,False,90,62,-500,香5g,-1100,香5g
金,6d,と,6e,成銀,True,True,False,90,62,-500,香5g,-1100,香5g
金,6d,と,6e,馬,True,True,False,90,61,-500,香5g,-1100,香5g
金,6d,と,6e,龍,True,True,False,90,61,-500,香5g,-1100,香5g
金,6d,成香,6e,歩,True,False,False,90,73,-300,歩5f,-300,歩5f
金,6d,成香,6e,香,True,False,False,90,72,-300,歩5f,-300,歩5f
金,6d,成香,6e,桂,True,False,False,90,77,-300,歩5f,-300,歩5f
金,6d,成香,6e,銀,True,False,False,90,62,-300,香5g,-300,香5g
金,6d,成香,6e,金,True,True,False,90,62,-300,香5g,-900,香5g
金,6d,成香,6e,角,True,False,False,90,70,-300,香5g,-300,香5g
金,6d,成香,6e,飛,True,True,False,90,72,-300,歩5f,-500,歩5f
金,6d,成香,6e,と,True,True,False,90,62,-500,香5g,-1100,香5g
金,6d,成香,6e,成香,True,True,False,90,62,-300,香5g,-900,香5g
金,6d,成香,6e,成桂,True,True,False,90,62,-300,香5g,-900,香5g
金,6d,成香,6e,成銀,True,True,False,90,62,-300,香5g,-900,香5g
金,6d,成香,6e,馬,True,True,False,90,61,-300,香5g,-900,香5g
金,6d,成香,6e,龍,True,True,False,90,61,-300,香5g,-900,香5g
金,6d,成桂,6e,歩,True,False,False,90,73,-300,歩5f,-300,歩5f
金,6d,成桂,6e,香,True,False,False,90,72,-300,歩5f,-300,歩5f
金,6d,成桂,6e,桂,True,False,False,90,77,-300,歩5f,-300,歩5f
金,6d,成桂,6e,銀,True,False,False,90,62,-300,香5g,-300,香5g
金,6d,成桂,6e,金,True,True,False,90,62,-300,香5g,-900,香5g
金,6d,成桂,6e,角,True,False,False,90,70,-300,香5g,-300,香5g
金,6d,成桂,6e,飛,True,True,False,90,72,-300,歩5f,-500,歩5f
金,6d,成桂,6e,と,True,True,False,90,62,-500,香5g,-1100,香5g
金,6d,成桂,6e,成香,True,True,False,90,62,-300,香5g,-900,香5g
金,6d,成桂,6e,成桂,True,True,False,90,62,-300,香5g,-900,香5g
金,6d,成桂,6e,成銀,True,True,False,90,62,-300,香5g,-900,香5g
金,6d,成桂,6e,馬,True,True,False,90,61,-300,香5g,-900,香5g
金,6d,成桂,6e,龍,True,True,False,90,61,-300,香5g,-900,香5g
金,6d,成銀,6e,歩,True,False,False,90,73,-100,歩5f,-100,歩5f
金,6d,成銀,6e,香,True,False,False,90,72,-100,歩5f,-100,歩5f
金,6d,成銀,6e,桂,True,False,False,90,77,-100,歩5f,-100,歩5f
金,6d,成銀,6e,銀,True,False,False,90,62,-100,香5g,-100,香5g
金,6d,成銀,6e,金,True,True,False,90,62,-100,香5g,-700,香5g
金,6d,成銀,6e,角,True,False,False,90,70,-100,香5g,-100,香5g
金,6d,成銀,6e,飛,True,True,False,90,72,-100,歩5f,-300,歩5f
金,6d,成銀,6e,と,True,True,False,90,62,-500,香5g,-1100,香5g
金,6d,成銀,6e,成香,True,True,False,90,62,-300,香5g,-900,香5g
金,6d,成銀,6e,成桂,True,True,False,90,62,-300,香5g,-900,香5g
金,6d,成銀,6e,成銀,True,True,False,90,62,-100,香5g,-700,香5g
金,6d,成銀,6e,馬,True,True,False,90,61,-100,香5g,-700,香5g
金,6d,成銀,6e,龍,True,True,False,90,61,-100,香5g,-700,香5g
金,6d,馬,6e,歩,True,False,False,90,71,600,歩5f,600,歩5f
金,6d,馬,6e,香,True,False,False,90,70,600,歩5f,600,歩5f
金,6d,馬,6e,桂,True,False,False,90,75,600,歩5f,600,歩5f
金,6d,馬,6e,銀,True,False,False,90,60,600,香5g,600,香5g
金,6d,馬,6e,金,True,True,False,90,60,0,香5g,-600,香5g
金,6d,馬,6e,角,True,False,False,90,68,600,香5g,600,香5g
金,6d,馬,6e,飛,True,True,False,90,70,600,歩5f,400,歩5f
金,6d,馬,6e,と,True,True,False,90,60,-500,香5g,-1100,香5g
金,6d,馬,6e,成香,True,True,False,90,60,-300,香5g,-900,香5g
金,6d,馬,6e,成桂,True,True,False,90,60,-300,香5g,-900,香5g
金,6d,馬,6e,成銀,True,True,False,90,60,-100,香5g,-700,香5g
金,6d,馬,6e,馬,True,True,False,90,59,600,香5g,0,香5g
金,6d,馬,6e,龍,True,True,False,90,59,600,香5g,0,香5g
金,6d,龍,6e,歩,True,False,False,90,67,1000,歩5f,1000,歩5f
金,6d,龍,6e,香,True,False,False,90,66,1000,歩5f,1000,歩5f
金,6d,龍,6e,桂,True,False,False,90,71,1000,歩5f,1000,歩5f
金,6d,龍,6e,銀,True,False,False,90,56,1000,香5g,1000,香5g
金,6d,龍,6e,金,True,True,False,90,56,0,香5g,-600,香5g
金,6d,龍,6e,角,True,False,False,90,64,1000,香5g,1000,香5g
金,6d,龍,6e,飛,True,True,False,90,66,800,歩5f,600,歩5f
金,6d,龍,6e,と,True,True,False,90,56,-500,香5g,-1100,香5g
金,6d,龍,6e,成香,True,True,False,90,56,-300,香5g,-900,香5g
金,6d,龍,6e,成桂,True,True,False,90,56,-300,香5g,-900,香5g
金,6d,龍,6e,成銀,True,True,False,90,56,-100,香5g,-700,香5g
金,6d,龍,6e,馬,True,True,False,90,55,600,香5g,0,香5g
金,6d,龍,6e,龍,True,True,False,90,55,1000,香5g,400,香5g
金,6d,歩,5f,歩,False,False,True,84,76,0,桂6g,0,桂6g
金,6d,歩,5f,香,False,False,True,84,76,0,桂6g,0,桂6g
金,6d,歩,5f,桂,False,False,True,84,76,0,桂6g,0,桂6g
金,6d,歩,5f,銀,False,False,True,84,66,0,銀4d,0,銀4d
金,6d,歩,5f,金,False,True,False,84,56,0,銀4d,0,銀4d
金,6d,歩,5f,角,False,False,True,84,66,0,銀4d,0,銀4d
金,6d,歩,5f,飛,False,True,False,84,58,800,桂6g,800,桂6g
金,6d,歩,5f,と,False,True,False,84,56,-500,銀4d,-500,銀4d
金,6d,歩,5f,成香,False,True,False,84,56,-300,銀4d,-300,銀4d
金,6d,歩,5f,成桂,False,True,False,84,56,-300,銀4d,-300,銀4d
金,6d,歩,5f,成銀,False,True,False,84,56,-100,銀4d,-100,銀4d
金,6d,歩,5f,馬,False,True,False,84,48,600,銀4d,600,銀4d
金,6d,歩,5f,龍,False,True,False,84,48,1000,銀4d,1000,銀4d
金,6d,香,5f,歩,False,False,True,84,66,0,桂4g,0,桂4g
金,6d,香,5f,香,False,False,True,84,66,0,桂4g,0,桂4g
金,6d,香,5f,桂,False,False,True,84,66,0,桂4g,0,桂4g
金,6d,香,5f,銀,False,False,True,84,57,0,銀4d,0,銀4d
金,6d,香,5f,金,False,True,False,84,56,0,銀4d,0,銀4d
金,6d,香,5f,角,False,False,True,84,57,0,銀4d,0,銀4d
金,6d,香,5f,飛,False,True,False,84,57,800,桂4g,800,桂4g
金,6d,香,5f,と,False,True,False,84,56,-500,銀4d,-500,銀4d
金,6d,香,5f,成香,False,True,False,84,56,-300,銀4d,-300,銀4d
金,6d,香,5f,成桂,False,True,False,84,56,-300,銀4d,-300,銀4d
金,6d,香,5f,成銀,False,True,False,84,56,-100,銀4d,-100,銀4d
金,6d,香,5f,馬,False,True,False,84,48,600,銀4d,600,銀4d
金,6d,香,5f,龍,False,True,False,84,48,1000,銀4d,1000,銀4d
金,6d,桂,5f,歩,False,False,True,84,84,0,桂6g,0,桂6g
金,6d,桂,5f,香,False,False,True,84,84,0,桂6g,0,桂6g
金,6d,桂,5f,桂,False,False,True,84,84,0,桂6g,0,桂6g
金,6d,桂,5f,銀,False,False,True,84,66,0,銀4d,0,銀4d
金,6d,桂,5f,金,False,True,False,84,64,0,銀4d,0,銀4d
金,6d,桂,5f,角,False,False,True,84,66,0,銀4d,0,銀4d
金,6d,桂,5f,飛,False,True,False,84,66,800,桂6g,800,桂6g
金,6d,桂,5f,と,False,True,False,84,64,-500,銀4d,-500,銀4d
金,6d,桂,5f,成香,False,True,False,84,64,-300,銀4d,-300,銀4d
金,6d,桂,5f,成桂,False,True,False,84,64,-300,銀4d,-300,銀4d
金,6d,桂,5f,成銀,False,True,False,84,64,-100,銀4d,-100,銀4d
金,6d,桂,5f,馬,False,True,False,84,48,600,銀4d,600,銀4d
金,6d,桂,5f,龍,False,True,False,84,48,1000,銀4d,1000,銀4d
金,6d,銀,5f,歩,True,False,False,84,72,-200,桂6g,-200,桂6g
金,6d,銀,5f,香,True,False,False,84,72,-200,桂6g,-200,桂6g
金,6d,銀,5f,桂,True,False,False,84,72,-200,桂6g,-200,桂6g
金,6d,銀,5f,銀,True,False,False,84,62,-200,銀4d,-200,銀4d
金,6d,銀,5f,金,True,True,False,84,52,-200,銀4d,-900,と5d
金,6d,銀,5f,角,True,False,False,84,62,-200,銀4d,-200,銀4d
金,6d,銀,5f,飛,True,True,False,84,54,-200,桂6g,-800,桂6g
金,6d,銀,5f,と,True,True,False,84,52,-500,銀4d,-1200,と5d
金,6d,銀,5f,成香,True,True,False,84,52,-300,銀4d,-1000,と5d
金,6d,銀,5f,成桂,True,True,False,84,52,-300,銀4d,-1000,と5d
金,6d,銀,5f,成銀,True,True,False,84,52,-200,銀4d,-900,と5d
金,6d,銀,5f,馬,True,True,False,84,44,-200,銀4d,-900,と5d
金,6d,銀,5f,龍,True,True,False,84,44,-200,銀4d,-900,と5d
金,6d,金,5f,歩,True,False,False,84,66,0,桂6g,0,桂6g
金,6d,金,5f,香,True,False,False,84,66,0,桂6g,0,桂6g
金,6d,金,5f,桂,True,False,False,84,66,0,桂6g,0,桂6g
金,6d,金,5f,銀,True,False,False,84,56,0,銀4d,0,銀4d
金,6d,金,5f,金,True,True,False,84,46,0,銀4d,-700,と4e
金,6d,金,5f,角,True,False,False,84,56,0,銀4d,0,銀4d
金,6d,金,5f,飛,True,True,False,84,48,0,桂6g,-600,桂6g
金,6d,金,5f,と,True,True,False,84,46,-500,銀4d,-1200,と4e
金,6d,金,5f,成香,True,True,False,84,46,-300,銀4d,-1000,と4e
金,6d,金,5f,成桂,True,True,False,84,46,-300,銀4d,-1000,と4e
金,6d,金,5f,成銀,True,True,False,84,46,-100,銀4d,-800,と4e
金,6d,金,5f,馬,True,True,False,84,38,0,銀4d,-1000,銀4d
金,6d,金,5f,龍,True,True,False,84,38,0,銀4d,-1000,銀4d
金,6d,角,5f,歩,True,False,False,84,80,400,桂6g,400,桂6g
金,6d,角,5f,香,True,False,False,84,80,400,桂6g,400,桂6g
金,6d,角,5f,桂,True,False,False,84,80,400,桂6g,400,桂6g
金,6d,角,5f,銀,True,False,False,84,62,400,銀4d,400,銀4d
金,6d,角,5f,金,True,True,False,84,60,0,銀4d,-700,と5d
金,6d,角,5f,角,True,False,False,84,62,400,銀4d,400,銀4d
金,6d,角,5f,飛,True,True,False,84,62,400,桂6g,-200,桂6g
金,6d,角,5f,と,True,True,False,84,60,-500,銀4d,-1200,と5d
金,6d,角,5f,成香,True,True,False,84,60,-300,銀4d,-1000,と5d
金,6d,角,5f,成桂,True,True,False,84,60,-300,銀4d,-1000,と5d
金,6d,角,5f,成銀,True,True,False,84,60,-100,銀4d,-800,と5d
金,6d,角,5f,馬,True,True,False,84,44,400,銀4d,-300,と5d
金,6d,角,5f,龍,True,True,False,84,44,400,銀4d,-300,と5d
金,6d,飛,5f,歩,False,False,True,84,54,0,桂4g,0,桂4g
金,6d,飛,5f,香,False,False,True,84,54,0,桂4g,0,桂4g
金,6d,飛,5f,桂,False,False,True,84,54,0,桂4g,0,桂4g
金,6d,飛,5f,銀,False,False,True,84,45,0,銀4f,0,銀4f
金,6d,飛,5f,金,False,True,False,84,44,0,金4e,0,金4e
金,6d,飛,5f,角,False,False,True,84,45,0,銀4f,0,銀4f
金,6d,飛,5f,飛,False,True,False,84,45,800,桂4g,800,桂4g
金,6d,飛,5f,と,False,True,False,84,44,-500,金4e,-500,金4e
金,6d,飛,5f,成香,False,True,False,84,44,-300,金4e,-300,金4e
金,6d,飛,5f,成桂,False,True,False,84,44,-300,金4e,-300,金4e
金,6d,飛,5f,成銀,False,True,False,84,44,-100,金4e,-100,金4e
金,6d,飛,5f,馬,False,True,False,84,36,600,角1a,600,角1a
金,6d,飛,5f,龍,False,True,False,84,36,1000,角1a,1000,角1a
金,6d,と,5f,歩,True,False,False,84,66,-500,桂6g,-500,桂6g
金,6d,と,5f,香,True,False,False,84,66,-500,桂6g,-500,桂6g
金,6d,と,5f,桂,True,False,False,84,66,-500,桂6g,-500,桂6g
金,6d,と,5f,銀,True,False,False,84,56,-500,銀4d,-500,銀4d
金,6d,と,5f,金,True,True,False,84,46,-500,銀4d,-1200,と4e
金,6d,と,5f,角,True,False,False,84,56,-500,銀4d,-500,銀4d
金,6d,と,5f,飛,True,True,False,84,48,-500,桂6g,-1100,桂6g
金,6d,と,5f,と,True,True,False,84,46,-500,銀4d,-1200,と4e
金,6d,と,5f,成香,True,True,False,84,46,-500,銀4d,-1200,と4e
金,6d,と,5f,成桂,True,True,False,84,46,-500,銀4d,-1200,と4e
金,6d,と,5f,成銀,True,True,False,84,46,-500,銀4d,-1200,と4e
金,6d,と,5f,馬,True,True,False,84,38,-500,銀4d,-1500,銀4d
金,6d,と,5f,龍,True,True,False,84,38,-500,銀4d,-1500,銀4d
金,6d,成香,5f,歩,True,False,False,84,66,-300,桂6g,-300,桂6g
金,6d,成香,5f,香,True,False,False,84,66,-300,桂6g,-300,桂6g
金,6d,成香,5f,桂,True,False,False,84,66,-300,桂6g,-300,桂6g
金,6d,成香,5f,銀,True,False,False,84,56,-300,銀4d,-300,銀4d
金,6d,成香,5f,金,True,True,False,84,46,-300,銀4d,-1000,と4e
金,6d,成香,5f,角,True,False,False,84,56,-300,銀4d,-300,銀4d
金,6d,成香,5f,飛,True,True,False,84,48,-300,桂6g,-900,桂6g
金,6d,成香,5f,と,True,True,False,84,46,-500,銀4d,-1200,と4e
金,6d,成香,5f,成香,True,True,False,84,46,-300,銀4d,-1000,と4e
金,6d,成香,5f,成桂,True,True,False,84,46,-300,銀4d,-1000,と4e
金,6d,成香,5f,成銀,True,True,False,84,46,-300,銀4d,-1000,と4e
金,6d,成香,5f,馬,True,True,False,84,38,-300,銀4d,-1300,銀4d
金,6d,成香,5f,龍,True,True,False,84,38,-300,銀4d,-1300,銀4d
金,6d,成桂,5f,歩,True,False,False,84,66,-300,桂6g,-300,桂6g
金,6d,成桂,5f,香,True,False,False,84,66,-300,桂6g,-300,桂6g
金,6d,成桂,5f,桂,True,False,False,84,66,-300,桂6g,-300,桂6g
金,6d,成桂,5f,銀,True,False,False,84,56,-300,銀4d,-300,銀4d
金,6d,成桂,5f,金,True,True,False,84,46,-300,銀4d,-1000,と4e
金,6d,成桂,5f,角,True,False,False,84,56,-300,銀4d,-300,銀4d
金,6d,成桂,5f,飛,True,True,False,84,48,-300,桂6g,-900,桂6g
金,6d,成桂,5f,と,True,True,False,84,46,-500,銀4d,-1200,と4e
金,6d,成桂,5f,成香,True,True,False,84,46,-300,銀4d,-1000,と4e
金,6d,成桂,5f,成桂,True,True,False,84,46,-300,銀4d,-1000,と4e
金,6d,成桂,5f,成銀,True,True,False,84,46,-300,銀4d,-1000,と4e
金,6d,成桂,5f,馬,True,True,False,84,38,-300,銀4d,-1300,銀4d
金,6d,成桂,5f,龍,True,True,False,84,38,-300,銀4d,-1300,銀4d
金,6d,成銀,5f,歩,True,False,False,84,66,-100,桂6g,-100,桂6g
金,6d,成銀,5f,香,True,False,False,84,66,-100,桂6g,-100,桂6g
金,6d,成銀,5f,桂,True,False,False,84,66,-100,桂6g,-100,桂6g
金,6d,成銀,5f,銀,True,False,False,84,56,-100,銀4d,-100,銀4d
金,6d,成銀,5f,金,True,True,False,84,46,-100,銀4d,-800,と4e
金,6d,成銀,5f,角,True,False,False,84,56,-100,銀4d,-100,銀4d
金,6d,成銀,5f,飛,True,True,False,84,48,-100,桂6g,-700,桂6g
金,6d,成銀,5f,と,True,True,False,84,46,-500,銀4d,-1200,と4e
金,6d,成銀,5f,成香,True,True,False,84,46,-300,銀4d,-1000,と4e
金,6d,成銀,5f,成桂,True,True,False,84,46,-300,銀4d,-1000,と4e
金,6d,成銀,5f,成銀,True,True,False,84,46,-100,銀4d,-800,と4e
金,6d,成銀,5f,馬,True,True,False,84,38,-100,銀4d,-1100,銀4d
金,6d,成銀,5f,龍,True,True,False,84,38,-100,銀4d,-1100,銀4d
金,6d,馬,5f,歩,True,False,False,84,64,600,桂6g,600,桂6g
金,6d,馬,5f,香,True,False,False,84,64,600,桂6g,600,桂6g
金,6d,馬,5f,桂,True,False,False,84,64,600,桂6g,600,桂6g
金,6d,馬,5f,銀,True,False,False,84,54,600,銀4d,600,銀4d
金,6d,馬,5f,金,True,True,False,84,44,0,銀4d,-700,と4e
金,6d,馬,5f,角,True,False,False,84,54,600,銀4d,600,銀4d
金,6d,馬,5f,飛,True,True,False,84,46,600,桂6g,0,桂6g
金,6d,馬,5f,と,True,True,False,84,44,-500,銀4d,-1200,と4e
金,6d,馬,5f,成香,True,True,False,84,44,-300,銀4d,-1000,と4e
金,6d,馬,5f,成桂,True,True,False,84,44,-300,銀4d,-1000,と4e
金,6d,馬,5f,成銀,True,True,False,84,44,-100,銀4d,-800,と4e
金,6d,馬,5f,馬,True,True,False,84,36,600,銀4d,-400,銀4d
金,6d,馬,5f,龍,True,True,False,84,36,600,銀4d,-400,銀4d
金,6d,龍,5f,歩,True,False,False,84,50,1000,桂4g,1000,桂4g
金,6d,龍,5f,香,True,False,False,84,50,1000,桂4g,1000,桂4g
金,6d,龍,5f,桂,True,False,False,84,50,1000,桂4g,1000,桂4g
金,6d,龍,5f,銀,True,False,False,84,41,1000,銀4f,1000,銀4f
金,6d,龍,5f,金,True,True,False,84,40,0,金4e,-700,と4e
金,6d,龍,5f,角,True,False,False,84,41,1000,銀4f,1000,銀4f
金,6d,龍,5f,飛,True,True,False,84,41,800,桂4g,200,桂4g
金,6d,龍,5f,と,True,True,False,84,40,-500,金4e,-1200,と4e
金,6d,龍,5f,成香,True,True,False,84,40,-300,金4e,-1000,と4e
金,6d,龍,5f,成桂,True,True,False,84,40,-300,金4e,-1000,と4e
金,6d,龍,5f,成銀,True,True,False,84,40,-100,金4e,-800,と4e
金,6d,龍,5f,馬,True,True,False,84,32,600,角1a,-1000,角1a
金,6d,龍,5f,龍,True,True,False,84,32,1000,角1a,-600,角1a
金,4e,歩,6e,歩,False,False,True,86,68,0,歩5f,0,歩5f
金,4e,歩,6e,香,False,False,True,86,67,0,歩5f,0,歩5f
金,4e,歩,6e,桂,False,False,True,86,72,0,歩5f,0,歩5f
金,4e,歩,6e,銀,False,False,True,86,49,0,香5g,0,香5g
金,4e,歩,6e,金,False,True,False,86,53,0,香5g,0,香5g
金,4e,歩,6e,角,False,False,True,86,57,0,香5g,0,香5g
金,4e,歩,6e,飛,False,True,False,86,63,800,歩5f,800,歩5f
金,4e,歩,6e,と,False,True,False,86,53,-500,香5g,-500,香5g
金,4e,歩,6e,成香,False,True,False,86,53,-300,香5g,-300,香5g
金,4e,歩,6e,成桂,False,True,False,86,53,-300,香5g,-300,香5g
金,4e,歩,6e,成銀,False,True,False,86,53,-100,香5g,-100,香5g
金,4e,歩,6e,馬,False,True,False,86,44,600,香5g,600,香5g
金,4e,歩,6e,龍,False,True,False,86,44,1000,香5g,1000,香5g
金,4e,香,6e,歩,False,False,True,86,67,0,歩5f,0,歩5f
金,4e,香,6e,香,False,False,True,86,66,0,歩5f,0,歩5f
金,4e,香,6e,桂,False,False,True,86,71,0,歩5f,0,歩5f
金,4e,香,6e,銀,False,False,True,86,48,0,香5g,0,香5g
金,4e,香,6e,金,False,True,False,86,52,0,香5g,0,香5g
金,4e,香,6e,角,False,False,True,86,57,0,香5g,0,香5g
金,4e,香,6e,飛,False,True,False,86,62,800,歩5f,800,歩5f
金,4e,香,6e,と,False,True,False,86,52,-500,香5g,-500,香5g
金,4e,香,6e,成香,False,True,False,86,52,-300,香5g,-300,香5g
金,4e,香,6e,成桂,False,True,False,86,52,-300,香5g,-300,香5g
金,4e,香,6e,成銀,False,True,False,86,52,-100,香5g,-100,香5g
金,4e,香,6e,馬,False,True,False,86,44,600,香5g,600,香5g
金,4e,香,6e,龍,False,True,False,86,43,1000,香5g,1000,香5g
金,4e,桂,6e,歩,False,False,True,86,72,0,歩5f,0,歩5f
金,4e,桂,6e,香,False,False,True,86,71,0,歩5f,0,歩5f
金,4e,桂,6e,桂,False,False,True,86,79,0,歩5f,0,歩5f
金,4e,桂,6e,銀,False,False,True,86,53,0,香5h,0,香5h
金,4e,桂,6e,金,False,True,False,86,57,0,香5h,0,香5h
金,4e,桂,6e,角,False,False,True,86,61,0,香5h,0,香5h
金,4e,桂,6e,飛,False,True,False,86,67,800,歩5f,800,歩5f
金,4e,桂,6e,と,False,True,False,86,57,-500,香5h,-500,香5h
金,4e,桂,6e,成香,False,True,False,86,57,-300,香5h,-300,香5h
金,4e,桂,6e,成桂,False,True,False,86,57,-300,香5h,-300,香5h
金,4e,桂,6e,成銀,False,True,False,86,57,-100,香5h,-100,香5h
金,4e,桂,6e,馬,False,True,False,86,48,600,香5h,600,香5h
金,4e,桂,6e,龍,False,True,False,86,48,1000,香5h,1000,香5h
金,4e,銀,6e,歩,False,False,True,86,49,0,香5g,0,香5g
金,4e,銀,6e,香,False,False,True,86,48,0,香5g,0,香5g
金,4e,銀,6e,桂,False,False,True,86,53,0,香5h,0,香5h
金,4e,銀,6e,銀,False,False,True,86,49,0,香5g,0,香5g
金,4e,銀,6e,金,False,True,False,86,45,0,香5g,0,香5g
金,4e,銀,6e,角,False,False,True,86,57,0,香5g,0,香5g
金,4e,銀,6e,飛,False,True,False,86,44,800,香5g,800,香5g
金,4e,銀,6e,と,False,True,False,86,45,-500,香5g,-500,香5g
金,4e,銀,6e,成香,False,True,False,86,45,-300,香5g,-300,香5g
金,4e,銀,6e,成桂,False,True,False,86,45,-300,香5g,-300,香5g
金,4e,銀,6e,成銀,False,True,False,86,45,-100,香5g,-100,香5g
金,4e,銀,6e,馬,False,True,False,86,44,600,香5g,600,香5g
金,4e,銀,6e,龍,False,True,False,86,44,1000,香5g,1000,香5g
金,4e,金,6e,歩,True,False,False,86,53,0,香5g,0,香5g
金,4e,金,6e,香,True,False,False,86,52,0,香5g,0,香5g
金,4e,金,6e,桂,True,False,False,86,57,0,香5h,0,香5h
金,4e,金,6e,銀,True,False,False,86,45,0,香5g,0,香5g
金,4e,金,6e,金,True,True,False,86,49,0,香5g,-600,香5g
金,4e,金,6e,角,True,False,False,86,53,0,香5g,0,香5g
金,4e,金,6e,飛,True,True,False,86,48,0,香5g,-600,香5g
金,4e,金,6e,と,True,True,False,86,49,-500,香5g,-1100,香5g
金,4e,金,6e,成香,True,True,False,86,49,-300,香5g,-900,香5g
金,4e,金,6e,成桂,True,True,False,86,49,-300,香5g,-900,香5g
金,4e,金,6e,成銀,True,True,False,86,49,-100,香5g,-700,香5g
金,4e,金,6e,馬,True,True,False,86,40,0,香5g,-600,香5g
金,4e,金,6e,龍,True,True,False,86,40,0,香5g,-600,香5g
金,4e,角,6e,歩,False,False,True,86,57,0,香5g,0,香5g
金,4e,角,6e,香,False,False,True,86,57,0,香5g,0,香5g
金,4e,角,6e,桂,False,False,True,86,61,0,香5h,0,香5h
金,4e,角,6e,銀,False,False,True,86,57,0,香5g,0,香5g
金,4e,角,6e,金,False,True,False,86,53,0,香5g,0,香5g
金,4e,角,6e,角,False,False,True,86,65,0,香5g,0,香5g
金,4e,角,6e,飛,False,True,False,86,53,800,香5g,800,香5g
金,4e,角,6e,と,False,True,False,86,53,-500,香5g,-500,香5g
金,4e,角,6e,成香,False,True,False,86,53,-300,香5g,-300,香5g
金,4e,角,6e,成桂,False,True,False,86,53,-300,香5g,-300,香5g
金,4e,角,6e,成銀,False,True,False,86,53,-100,香5g,-100,香5g
金,4e,角,6e,馬,False,True,False,86,52,600,香5g,600,香5g
金,4e,角,6e,龍,False,True,False,86,53,1000,香5g,1000,香5g
金,4e,飛,6e,歩,True,False,False,86,63,800,歩5f,800,歩5f
金,4e,飛,6e,香,True,False,False,86,62,800,歩5f,800,歩5f
金,4e,飛,6e,桂,True,False,False,86,67,800,歩5f,800,歩5f
金,4e,飛,6e,銀,True,False,False,86,44,800,香5g,800,香5g
金,4e,飛,6e,金,True,True,False,86,48,0,香5g,-600,香5g
金,4e,飛,6e,角,True,False,False,86,53,800,香5g,800,香5g
金,4e,飛,6e,飛,True,True,False,86,58,800,歩5f,600,歩5f
金,4e,飛,6e,と,True,True,False,86,48,-500,香5g,-1100,香5g
金,4e,飛,6e,成香,True,True,False,86,48,-300,香5g,-900,香5g
金,4e,飛,6e,成桂,True,True,False,86,48,-300,香5g,-900,香5g
金,4e,飛,6e,成銀,True,True,False,86,48,-100,香5g,-700,香5g
金,4e,飛,6e,馬,True,True,False,86,40,600,香5g,0,香5g
金,4e,飛,6e,龍,True,True,False,86,39,800,香5g,200,香5g
金,4e,と,6e,歩,True,False,False,86,53,-500,香5g,-500,香5g
金,4e,と,6e,香,True,False,False,86,52,-500,香5g,-500,香5g
金,4e,と,6e,桂,True,False,False,86,57,-500,香5h,-500,香5h
金,4e,と,6e,銀,True,False,False,86,45,-500,香5g,-500,香5g
金,4e,と,6e,金,True,True,False,86,49,-500,香5g,-1100,香5g
金,4e,と,6e,角,True,False,False,86,53,-500,香5g,-500,香5g
金,4e,と,6e,飛,True,True,False,86,48,-500,香5g,-1100,香5g
金,4e,と,6e,と,True,True,False,86,49,-500,香5g,-1100,香5g
金,4e,と,6e,成香,True,True,False,86,49,-500,香5g,-1100,香5g
金,4e,と,6e,成桂,True,True,False,86,49,-500,香5g,-1100,香5g
金,4e,と,6e,成銀,True,True,False,86,49,-500,香5g,-1100,香5g
金,4e,と,6e,馬,True,True,False,86,40,-500,香5g,-1100,香5g
金,4e,と,6e,龍,True,True,False,86,40,-500,香5g,-1100,香5g
金,4e,成香,6e,歩,True,False,False,86,53,-300,香5g,-300,香5g
金,4e,成香,6e,香,True,False,False,86,52,-300,香5g,-300,香5g
金,4e,成香,6e,桂,True,False,False,86,57,-300,香5h,-300,香5h
金,4e,成香,6e,銀,True,False,False,86,45,-300,香5g,-300,香5g
金,4e,成香,6e,金,True,True,False,86,49,-300,香5g,-900,香5g
金,4e,成香,6e,角,True,False,False,86,53,-300,香5g,-300,香5g
金,4e,成香,6e,飛,True,True,False,86,48,-300,香5g,-900,香5g
金,4e,成香,6e,と,True,True,False,86,49,-500,香5g,-1100,香5g
金,4e,成香,6e,成香,True,True,False,86,49,-300,香5g,-900,香5g
金,4e,成香,6e,成桂,True,True,False,86,49,-300,香5g,-900,香5g
金,4e,成香,6e,成銀,True,True,False,86,49,-300,香5g,-900,香5g
金,4e,成香,6e,馬,True,True,False,86,40,-300,香5g,-900,香5g
金,4e,成香,6e,龍,True,True,False,86,40,-300,香5g,-900,香5g
金,4e,成桂,6e,歩,True,False,False,86,53,-300,香5g,-300,香5g
金,4e,成桂,6e,香,True,False,False,86,52,-300,香5g,-300,香5g
金,4e,成桂,6e,桂,True,False,False,86,57,-300,香5h,-300,香5h
金,4e,成桂,6e,銀,True,False,False,86,45,-300,香5g,-300,香5g
金,4e,成桂,6e,金,True,True,False,86,49,-300,香5g,-900,香5g
金,4e,成桂,6e,角,True,False,False,86,53,-300,香5g,-300,香5g
金,4e,成桂,6e,飛,True,True,False,86,48,-300,香5g,-900,香5g
金,4e,成桂,6e,と,True,True,False,86,49,-500,香5g,-1100,香5g
金,4e,成桂,6e,成香,True,True,False,86,49,-300,香5g,-900,香5g
金,4e,成桂,6e,成桂,True,True,False,86,49,-300,香5g,-900,香5g
金,4e,成桂,6e,成銀,True,True,False,86,49,-300,香5g,-900,香5g
金,4e,成桂,6e,馬,True,True,False,86,40,-300,香5g,-900,香5g
金,4e,成桂,6e,龍,True,True,False,86,40,-300,香5g,-900,香5g
金,4e,成銀,6e,歩,True,False,False,86,53,-100,香5g,-100,香5g
金,4e,成銀,6e,香,True,False,False,86,52,-100,香5g,-100,香5g
金,4e,成銀,6e,桂,True,False,False,86,57,-100,香5h,-100,香5h
金,4e,成銀,6e,銀,True,False,False,86,45,-100,香5g,-100,香5g
金,4e,成銀,6e,金,True,True,False,86,49,-100,香5g,-700,香5g
金,4e,成銀,6e,角,True,False,False,86,53,-100,香5g,-100,香5g
金,4e,成銀,6e,飛,True,True,False,86,48,-100,香5g,-700,香5g
金,4e,成銀,6e,と,True,True,False,86,49,-500,香5g,-1100,香5g
金,4e,成銀,6e,成香,True,True,False,86,49,-300,香5g,-900,香5g
金,4e,成銀,6e,成桂,True,True,False,86,49,-300,香5g,-900,香5g
金,4e,成銀,6e,成銀,True,True,False,86,49,-100,香5g,-700,香5g
金,4e,成銀,6e,馬,True,True,False,86,40,-100,香5g,-700,香5g
金,4e,成銀,6e,龍,True,True,False,86,40,-100,香5g,-700,香5g
金,4e,馬,6e,歩,True,False,False,86,44,600,香5g,600,香5g
金,4e,馬,6e,香,True,False,False,86,44,600,香5g,600,香5g
金,4e,馬,6e,桂,True,False,False,86,48,600,香5h,600,香5h
金,4e,馬,6e,銀,True,False,False,86,44,600,香5g,600,香5g
金,4e,馬,6e,金,True,True,False,86,40,0,香5g,-600,香5g
金,4e,馬,6e,角,True,False,False,86,52,600,香5g,600,香5g
金,4e,馬,6e,飛,True,True,False,86,40,600,香5g,0,香5g
金,4e,馬,6e,と,True,True,False,86,40,-500,香5g,-1100,香5g
金,4e,馬,6e,成香,True,True,False,86,40,-300,香5g,-900,香5g
金,4e,馬,6e,成桂,True,True,False,86,40,-300,香5g,-900,香5g
金,4e,馬,6e,成銀,True,True,False,86,40,-100,香5g,-700,香5g
金,4e,馬,6e,馬,True,True,False,86,39,600,香5g,0,香5g
金,4e,馬,6e,龍,True,True,False,86,40,600,香5g,0,香5g
金,4e,龍,6e,歩,True,False,False,86,44,1000,香5g,1000,香5g
金,4e,龍,6e,香,True,False,False,86,43,1000,香5g,1000,香5g
金,4e,龍,6e,桂,True,False,False,86,48,1000,香5h,1000,香5h
金,4e,龍,6e,銀,True,False,False,86,44,1000,香5g,1000,香5g
金,4e,龍,6e,金,True,True,False,86,40,0,香5g,-600,香5g
金,4e,龍,6e,角,True,False,False,86,53,1000,香5g,1000,香5g
金,4e,龍,6e,飛,True,True,False,86,39,800,香5g,200,香5g
金,4e,龍,6e,と,True,True,False,86,40,-500,香5g,-1100,香5g
金,4e,龍,6e,成香,True,True,False,86,40,-300,香5g,-900,香5g
金,4e,龍,6e,成桂,True,True,False,86,40,-300,香5g,-900,香5g
金,4e,龍,6e,成銀,True,True,False,86,40,-100,香5g,-700,香5g
金,4e,龍,6e,馬,True,True,False,86,40,600,香5g,0,香5g
金,4e,龍,6e,龍,True,True,False,86,39,1000,香5g,400,香5g
金,4e,歩,5f,歩,False,False,True,80,71,0,桂6g,0,桂6g
金,4e,歩,5f,香,False,False,True,80,71,0,桂6g,0,桂6g
金,4e,歩,5f,桂,False,False,True,80,71,0,桂6g,0,桂6g
金,4e,歩,5f,銀,False,False,True,80,61,0,銀6d,0,銀6d
金,4e,歩,5f,金,False,True,False,80,60,0,銀6d,0,銀6d
金,4e,歩,5f,角,False,False,True,80,61,0,銀6d,0,銀6d
金,4e,歩,5f,飛,False,True,False,80,62,800,桂6g,800,桂6g
金,4e,歩,5f,と,False,True,False,80,60,-500,銀6d,-500,銀6d
金,4e,歩,5f,成香,False,True,False,80,60,-300,銀6d,-300,銀6d
金,4e,歩,5f,成桂,False,True,False,80,60,-300,銀6d,-300,銀6d
金,4e,歩,5f,成銀,False,True,False,80,60,-100,銀6d,-100,銀6d
金,4e,歩,5f,馬,False,True,False,80,52,600,銀6d,600,銀6d
金,4e,歩,5f,龍,False,True,False,80,52,1000,銀6d,1000,銀6d
金,4e,香,5f,歩,False,False,True,80,70,0,桂6g,0,桂6g
金,4e,香,5f,香,False,False,True,80,70,0,桂6g,0,桂6g
金,4e,香,5f,桂,False,False,True,80,70,0,桂6g,0,桂6g
金,4e,香,5f,銀,False,False,True,80,61,0,銀6d,0,銀6d
金,4e,香,5f,金,False,True,False,80,60,0,銀6d,0,銀6d
金,4e,香,5f,角,False,False,True,80,61,0,銀6d,0,銀6d
金,4e,香,5f,飛,False,True,False,80,61,800,桂6g,800,桂6g
金,4e,香,5f,と,False,True,False,80,60,-500,銀6d,-500,銀6d
金,4e,香,5f,成香,False,True,False,80,60,-300,銀6d,-300,銀6d
金,4e,香,5f,成桂,False,True,False,80,60,-300,銀6d,-300,銀6d
金,4e,香,5f,成銀,False,True,False,80,60,-100,銀6d,-100,銀6d
金,4e,香,5f,馬,False,True,False,80,52,600,銀6d,600,銀6d
金,4e,香,5f,龍,False,True,False,80,52,1000,銀6d,1000,銀6d
金,4e,桂,5f,歩,False,False,True,80,78,0,桂6g,0,桂6g
金,4e,桂,5f,香,False,False,True,80,78,0,桂6g,0,桂6g
金,4e,桂,5f,桂,False,False,True,80,78,0,桂6g,0,桂6g
金,4e,桂,5f,銀,False,False,True,80,68,0,銀6d,0,銀6d
金,4e,桂,5f,金,False,True,False,80,58,0,銀6d,0,銀6d
金,4e,桂,5f,角,False,False,True,80,68,0,銀6d,0,銀6d
金,4e,桂,5f,飛,False,True,False,80,60,800,桂6g,800,桂6g
金,4e,桂,5f,と,False,True,False,80,58,-500,銀6d,-500,銀6d
金,4e,桂,5f,成香,False,True,False,80,58,-300,銀6d,-300,銀6d
金,4e,桂,5f,成桂,False,True,False,80,58,-300,銀6d,-300,銀6d
金,4e,桂,5f,成銀,False,True,False,80,58,-100,銀6d,-100,銀6d
金,4e,桂,5f,馬,False,True,False,80,50,600,銀6d,600,銀6d
金,4e,桂,5f,龍,False,True,False,80,50,1000,銀6d,1000,銀6d
金,4e,銀,5f,歩,False,False,True,80,63,0,桂6g,0,桂6g
金,4e,銀,5f,香,False,False,True,80,63,0,桂6g,0,桂6g
金,4e,銀,5f,桂,False,False,True,80,63,0,桂6g,0,桂6g
金,4e,銀,5f,銀,False,False,True,80,53,0,銀6d,0,銀6d
金,4e,銀,5f,金,False,True,False,80,52,0,銀6d,0,銀6d
金,4e,銀,5f,角,False,False,True,80,53,0,銀6d,0,銀6d
金,4e,銀,5f,飛,False,True,False,80,54,800,桂6g,800,桂6g
金,4e,銀,5f,と,False,True,False,80,52,-500,銀6d,-500,銀6d
金,4e,銀,5f,成香,False,True,False,80,52,-300,銀6d,-300,銀6d
金,4e,銀,5f,成桂,False,True,False,80,52,-300,銀6d,-300,銀6d
金,4e,銀,5f,成銀,False,True,False,80,52,-100,銀6d,-100,銀6d
金,4e,銀,5f,馬,False,True,False,80,44,600,銀6d,600,銀6d
金,4e,銀,5f,龍,False,True,False,80,44,1000,銀6d,1000,銀6d
金,4e,金,5f,歩,True,False,False,80,67,0,桂6g,0,桂6g
金,4e,金,5f,香,True,False,False,80,67,0,桂6g,0,桂6g
金,4e,金,5f,桂,True,False,False,80,67,0,桂6g,0,桂6g
金,4e,金,5f,銀,True,False,False,80,57,0,銀6d,0,銀6d
金,4e,金,5f,金,True,True,False,80,56,0,銀6d,-700,と5d
金,4e,金,5f,角,True,False,False,80,57,0,銀6d,0,銀6d
金,4e,金,5f,飛,True,True,False,80,58,0,桂6g,-600,桂6g
金,4e,金,5f,と,True,True,False,80,56,-500,銀6d,-1200,と5d
金,4e,金,5f,成香,True,True,False,80,56,-300,銀6d,-1000,と5d
金,4e,金,5f,成桂,True,True,False,80,56,-300,銀6d,-1000,と5d
金,4e,金,5f,成銀,True,True,False,80,56,-100,銀6d,-800,と5d
金,4e,金,5f,馬,True,True,False,80,48,0,銀6d,-700,と5d
金,4e,金,5f,龍,True,True,False,80,48,0,銀6d,-700,と5d
金,4e,角,5f,歩,False,False,True,80,72,0,桂6g,0,桂6g
金,4e,角,5f,香,False,False,True,80,72,0,桂6g,0,桂6g
金,4e,角,5f,桂,False,False,True,80,72,0,桂6g,0,桂6g
金,4e,角,5f,銀,False,False,True,80,62,0,銀6d,0,銀6d
金,4e,角,5f,金,False,True,False,80,52,0,銀6d,0,銀6d
金,4e,角,5f,角,False,False,True,80,62,0,銀6d,0,銀6d
金,4e,角,5f,飛,False,True,False,80,54,800,桂6g,800,桂6g
金,4e,角,5f,と,False,True,False,80,52,-500,銀6d,-500,銀6d
金,4e,角,5f,成香,False,True,False,80,52,-300,銀6d,-300,銀6d
金,4e,角,5f,成桂,False,True,False,80,52,-300,銀6d,-300,銀6d
金,4e,角,5f,成銀,False,True,False,80,52,-100,銀6d,-100,銀6d
金,4e,角,5f,馬,False,True,False,80,44,600,銀6d,600,銀6d
金,4e,角,5f,龍,False,True,False,80,44,1000,銀6d,1000,銀6d
金,4e,飛,5f,歩,True,False,False,80,66,800,桂6g,800,桂6g
金,4e,飛,5f,香,True,False,False,80,66,800,桂6g,800,桂6g
金,4e,飛,5f,桂,True,False,False,80,66,800,桂6g,800,桂6g
金,4e,飛,5f,銀,True,False,False,80,57,800,銀6d,800,銀6d
金,4e,飛,5f,金,True,True,False,80,56,0,銀6d,-700,と5d
金,4e,飛,5f,角,True,False,False,80,57,800,銀6d,800,銀6d
金,4e,飛,5f,飛,True,True,False,80,57,800,桂6g,200,桂6g
金,4e,飛,5f,と,True,True,False,80,56,-500,銀6d,-1200,と5d
金,4e,飛,5f,成香,True,True,False,80,56,-300,銀6d,-1000,と5d
金,4e,飛,5f,成桂,True,True,False,80,56,-300,銀6d,-1000,と5d
金,4e,飛,5f,成銀,True,True,False,80,56,-100,銀6d,-800,と5d
金,4e,飛,5f,馬,True,True,False,80,48,600,銀6d,-100,と5d
金,4e,飛,5f,龍,True,True,False,80,48,800,銀6d,100,と5d
金,4e,と,5f,歩,True,False,False,80,67,-500,桂6g,-500,桂6g
金,4e,と,5f,香,True,False,False,80,67,-500,桂6g,-500,桂6g
金,4e,と,5f,桂,True,False,False,80,67,-500,桂6g,-500,桂6g
金,4e,と,5f,銀,True,False,False,80,57,-500,銀6d,-500,銀6d
金,4e,と,5f,金,True,True,False,80,56,-500,銀6d,-1200,と5d
金,4e,と,5f,角,True,False,False,80,57,-500,銀6d,-500,銀6d
金,4e,と,5f,飛,True,True,False,80,58,-500,桂6g,-1100,桂6g
金,4e,と,5f,と,True,True,False,80,56,-500,銀6d,-1200,と5d
金,4e,と,5f,成香,True,True,False,80,56,-500,銀6d,-1200,と5d
金,4e,と,5f,成桂,True,True,False,80,56,-500,銀6d,-1200,と5d
金,4e,と,5f,成銀,True,True,False,80,56,-500,銀6d,-1200,と5d
金,4e,と,5f,馬,True,True,False,80,48,-500,銀6d,-1200,と5d
金,4e,と,5f,龍,True,True,False,80,48,-500,銀6d,-1200,と5d
金,4e,成香,5f,歩,True,False,False,80,67,-300,桂6g,-300,桂6g
金,4e,成香,5f,香,True,False,False,80,67,-300,桂6g,-300,桂6g
金,4e,成香,5f,桂,True,False,False,80,67,-300,桂6g,-300,桂6g
金,4e,成香,5f,銀,True,False,False,80,57,-300,銀6d,-300,銀6d
金,4e,成香,5f,金,True,True,False,80,56,-300,銀6d,-1000,と5d
金,4e,成香,5f,角,True,False,False,80,57,-300,銀6d,-300,銀6d
金,4e,成香,5f,飛,True,True,False,80,58,-300,桂6g,-900,桂6g
金,4e,成香,5f,と,True,True,False,80,56,-500,銀6d,-1200,と5d
金,4e,成香,5f,成香,True,True,False,80,56,-300,銀6d,-1000,と5d
金,4e,成香,5f,成桂,True,True,False,80,56,-300,銀6d,-1000,と5d
金,4e,成香,5f,成銀,True,True,False,80,56,-300,銀6d,-1000,と5d
金,4e,成香,5f,馬,True,True,False,80,48,-300,銀6d,-1000,と5d
金,4e,成香,5f,龍,True,True,False,80,48,-300,銀6d,-1000,と5d
金,4e,成桂,5f,歩,True,False,False,80,67,-300,桂6g,-300,桂6g
金,4e,成桂,5f,香,True,False,False,80,67,-300,桂6g,-300,桂6g
金,4e,成桂,5f,桂,True,False,False,80,67,-300,桂6g,-300,桂6g
金,4e,成桂,5f,銀,True,False,False,80,57,-300,銀6d,-300,銀6d
金,4e,成桂,5f,金,True,True,False,80,56,-300,銀6d,-1000,と5d
金,4e,成桂,5f,角,True,False,False,80,57,-300,銀6d,-300,銀6d
金,4e,成桂,5f,飛,True,True,False,80,58,-300,桂6g,-900,桂6g
金,4e,成桂,5f,と,True,True,False,80,56,-500,銀6d,-1200,と5d
金,4e,成桂,5f,成香,True,True,False,80,56,-300,銀6d,-1000,と5d
金,4e,成桂,5f,成桂,True,True,False,80,56,-300,銀6d,-1000,と5d
金,4e,成桂,5f,成銀,True,True,False,80,56,-300,銀6d,-1000,と5d
金,4e,成桂,5f,馬,True,True,False,80,48,-300,銀6d,-1000,と5d
金,4e,成桂,5f,龍,True,True,False,80,48,-300,銀6d,-1000,と5d
金,4e,成銀,5f,歩,True,False,False,80,67,-100,桂6g,-100,桂6g
金,4e,成銀,5f,香,True,False,False,80,67,-100,桂6g,-100,桂6g
金,4e,成銀,5f,桂,True,False,False,80,67,-100,桂6g,-100,桂6g
金,4e,成銀,5f,銀,True,False,False,80,57,-100,銀6d,-100,銀6d
金,4e,成銀,5f,金,True,True,False,80,56,-100,銀6d,-800,と5d
金,4e,成銀,5f,角,True,False,False,80,57,-100,銀6d,-100,銀6d
金,4e,成銀,5f,飛,True,True,False,80,58,-100,桂6g,-700,桂6g
金,4e,成銀,5f,と,True,True,False,80,56,-500,銀6d,-1200,と5d
金,4e,成銀,5f,成香,True,True,False,80,56,-300,銀6d,-1000,と5d
金,4e,成銀,5f,成桂,True,True,False,80,56,-300,銀6d,-1000,と5d
金,4e,成銀,5f,成銀,True,True,False,80,56,-100,銀6d,-800,と5d
金,4e,成銀,5f,馬,True,True,False,80,48,-100,銀6d,-800,と5d
金,4e,成銀,5f,龍,True,True,False,80,48,-100,銀6d,-800,と5d
金,4e,馬,5f,歩,True,False,False,80,59,600,桂6g,600,桂6g
金,4e,馬,5f,香,True,False,False,80,59,600,桂6g,600,桂6g
金,4e,馬,5f,桂,True,False,False,80,59,600,桂6g,600,桂6g
金,4e,馬,5f,銀,True,False,False,80,49,600,銀6d,600,銀6d
金,4e,馬,5f,金,True,True,False,80,48,0,銀6d,-700,と6e
金,4e,馬,5f,角,True,False,False,80,49,600,銀6d,600,銀6d
金,4e,馬,5f,飛,True,True,False,80,50,600,桂6g,0,桂6g
金,4e,馬,5f,と,True,True,False,80,48,-500,銀6d,-1200,と6e
金,4e,馬,5f,成香,True,True,False,80,48,-300,銀6d,-1000,と6e
金,4e,馬,5f,成桂,True,True,False,80,48,-300,銀6d,-1000,と6e
金,4e,馬,5f,成銀,True,True,False,80,48,-100,銀6d,-800,と6e
金,4e,馬,5f,馬,True,True,False,80,40,600,銀6d,-400,銀6d
金,4e,馬,5f,龍,True,True,False,80,40,600,銀6d,-400,銀6d
金,4e,龍,5f,歩,True,False,False,80,58,1000,桂6g,1000,桂6g
金,4e,龍,5f,香,True,False,False,80,58,1000,桂6g,1000,桂6g
金,4e,龍,5f,桂,True,False,False,80,58,1000,桂6g,1000,桂6g
金,4e,龍,5f,銀,True,False,False,80,49,1000,銀6d,1000,銀6d
金,4e,龍,5f,金,True,True,False,80,48,0,銀6d,-700,と6e
金,4e,龍,5f,角,True,False,False,80,49,1000,銀6d,1000,銀6d
金,4e,龍,5f,飛,True,True,False,80,49,800,桂6g,200,桂6g
金,4e,龍,5f,と,True,True,False,80,48,-500,銀6d,-1200,と6e
金,4e,龍,5f,成香,True,True,False,80,48,-300,銀6d,-1000,と6e
金,4e,龍,5f,成桂,True,True,False,80,48,-300,銀6d,-1000,と6e
金,4e,龍,5f,成銀,True,True,False,80,48,-100,銀6d,-800,と6e
金,4e,龍,5f,馬,True,True,False,80,40,600,銀6d,-400,銀6d
金,4e,龍,5f,龍,True,True,False,80,40,1000,銀6d,0,銀6d
金,6e,歩,5f,歩,False,False,True,80,71,0,桂6g,0,桂6g
金,6e,歩,5f,香,False,False,True,80,71,0,桂6g,0,桂6g
金,6e,歩,5f,桂,False,False,True,80,71,0,桂6g,0,桂6g
金,6e,歩,5f,銀,False,False,True,80,61,0,銀6d,0,銀6d
金,6e,歩,5f,金,False,True,False,80,60,0,銀6d,0,銀6d
金,6e,歩,5f,角,False,False,True,80,61,0,銀6d,0,銀6d
金,6e,歩,5f,飛,False,True,False,80,62,800,桂6g,800,桂6g
金,6e,歩,5f,と,False,True,False,80,60,-500,銀6d,-500,銀6d
金,6e,歩,5f,成香,False,True,False,80,60,-300,銀6d,-300,銀6d
金,6e,歩,5f,成桂,False,True,False,80,60,-300,銀6d,-300,銀6d
金,6e,歩,5f,成銀,False,True,False,80,60,-100,銀6d,-100,銀6d
金,6e,歩,5f,馬,False,True,False,80,52,600,銀6d,600,銀6d
金,6e,歩,5f,龍,False,True,False,80,52,1000,銀6d,1000,銀6d
金,6e,香,5f,歩,False,False,True,80,70,0,桂4g,0,桂4g
金,6e,香,5f,香,False,False,True,80,70,0,桂4g,0,桂4g
金,6e,香,5f,桂,False,False,True,80,70,0,桂4g,0,桂4g
金,6e,香,5f,銀,False,False,True,80,61,0,銀6d,0,銀6d
金,6e,香,5f,金,False,True,False,80,60,0,銀6d,0,銀6d
金,6e,香,5f,角,False,False,True,80,61,0,銀6d,0,銀6d
金,6e,香,5f,飛,False,True,False,80,61,800,桂4g,800,桂4g
金,6e,香,5f,と,False,True,False,80,60,-500,銀6d,-500,銀6d
金,6e,香,5f,成香,False,True,False,80,60,-300,銀6d,-300,銀6d
金,6e,香,5f,成桂,False,True,False,80,60,-300,銀6d,-300,銀6d
金,6e,香,5f,成銀,False,True,False,80,60,-100,銀6d,-100,銀6d
金,6e,香,5f,馬,False,True,False,80,52,600,銀6d,600,銀6d
金,6e,香,5f,龍,False,True,False,80,52,1000,銀6d,1000,銀6d
金,6e,桂,5f,歩,False,False,True,80,78,0,桂6g,0,桂6g
金,6e,桂,5f,香,False,False,True,80,78,0,桂6g,0,桂6g
金,6e,桂,5f,桂,False,False,True,80,78,0,桂6g,0,桂6g
金,6e,桂,5f,銀,False,False,True,80,68,0,銀6d,0,銀6d
金,6e,桂,5f,金,False,True,False,80,58,0,銀6d,0,銀6d
金,6e,桂,5f,角,False,False,True,80,68,0,銀6d,0,銀6d
金,6e,桂,5f,飛,False,True,False,80,60,800,桂6g,800,桂6g
金,6e,桂,5f,と,False,True,False,80,58,-500,銀6d,-500,銀6d
金,6e,桂,5f,成香,False,True,False,80,58,-300,銀6d,-300,銀6d
金,6e,桂,5f,成桂,False,True,False,80,58,-300,銀6d,-300,銀6d
金,6e,桂,5f,成銀,False,True,False,80,58,-100,銀6d,-100,銀6d
金,6e,桂,5f,馬,False,True,False,80,50,600,銀6d,600,銀6d
金,6e,桂,5f,龍,False,True,False,80,50,1000,銀6d,1000,銀6d
金,6e,銀,5f,歩,False,False,True,80,63,0,桂6g,0,桂6g
金,6e,銀,5f,香,False,False,True,80,63,0,桂6g,0,桂6g
金,6e,銀,5f,桂,False,False,True,80,63,0,桂6g,0,桂6g
金,6e,銀,5f,銀,False,False,True,80,53,0,銀6d,0,銀6d
金,6e,銀,5f,金,False,True,False,80,52,0,銀6d,0,銀6d
金,6e,銀,5f,角,False,False,True,80,53,0,銀6d,0,銀6d
金,6e,銀,5f,飛,False,True,False,80,54,800,桂6g,800,桂6g
金,6e,銀,5f,と,False,True,False,80,52,-500,銀6d,-500,銀6d
金,6e,銀,5f,成香,False,True,False,80,52,-300,銀6d,-300,銀6d
金,6e,銀,5f,成桂,False,True,False,80,52,-300,銀6d,-300,銀6d
金,6e,銀,5f,成銀,False,True,False,80,52,-100,銀6d,-100,銀6d
金,6e,銀,5f,馬,False,True,False,80,44,600,銀6d,600,銀6d
金,6e,銀,5f,龍,False,True,False,80,44,1000,銀6d,1000,銀6d
金,6e,金,5f,歩,True,False,False,80,67,0,桂6g,0,桂6g
金,6e,金,5f,香,True,False,False,80,67,0,桂6g,0,桂6g
金,6e,金,5f,桂,True,False,False,80,67,0,桂6g,0,桂6g
金,6e,金,5f,銀,True,False,False,80,57,0,銀4d,0,銀4d
金,6e,金,5f,金,True,True,False,80,56,0,銀4d,-700,と5d
金,6e,金,5f,角,True,False,False,80,57,0,銀4d,0,銀4d
金,6e,金,5f,飛,True,True,False,80,58,0,桂6g,-600,桂6g
金,6e,金,5f,と,True,True,False,80,56,-500,銀4d,-1200,と5d
金,6e,金,5f,成香,True,True,False,80,56,-300,銀4d,-1000,と5d
金,6e,金,5f,成桂,True,True,False,80,56,-300,銀4d,-1000,と5d
金,6e,金,5f,成銀,True,True,False,80,56,-100,銀4d,-800,と5d
金,6e,金,5f,馬,True,True,False,80,48,0,銀4d,-700,と5d
金,6e,金,5f,龍,True,True,False,80,48,0,銀4d,-700,と5d
金,6e,角,5f,歩,False,False,True,80,72,0,桂6g,0,桂6g
金,6e,角,5f,香,False,False,True,80,72,0,桂6g,0,桂6g
金,6e,角,5f,桂,False,False,True,80,72,0,桂6g,0,桂6g
金,6e,角,5f,銀,False,False,True,80,62,0,銀6d,0,銀6d
金,6e,角,5f,金,False,True,False,80,52,0,銀6d,0,銀6d
金,6e,角,5f,角,False,False,True,80,62,0,銀6d,0,銀6d
金,6e,角,5f,飛,False,True,False,80,54,800,桂6g,800,桂6g
金,6e,角,5f,と,False,True,False,80,52,-500,銀6d,-500,銀6d
金,6e,角,5f,成香,False,True,False,80,52,-300,銀6d,-300,銀6d
金,6e,角,5f,成桂,False,True,False,80,52,-300,銀6d,-300,銀6d
金,6e,角,5f,成銀,False,True,False,80,52,-100,銀6d,-100,銀6d
金,6e,角,5f,馬,False,True,False,80,44,600,銀6d,600,銀6d
金,6e,角,5f,龍,False,True,False,80,44,1000,銀6d,1000,銀6d
金,6e,飛,5f,歩,True,False,False,80,66,800,桂4g,800,桂4g
金,6e,飛,5f,香,True,False,False,80,66,800,桂4g,800,桂4g
金,6e,飛,5f,桂,True,False,False,80,66,800,桂4g,800,桂4g
金,6e,飛,5f,銀,True,False,False,80,57,800,銀4d,800,銀4d
金,6e,飛,5f,金,True,True,False,80,56,0,銀4d,-700,と5d
金,6e,飛,5f,角,True,False,False,80,57,800,銀4d,800,銀4d
金,6e,飛,5f,飛,True,True,False,80,57,800,桂4g,200,桂4g
金,6e,飛,5f,と,True,True,False,80,56,-500,銀4d,-1200,と5d
金,6e,飛,5f,成香,True,True,False,80,56,-300,銀4d,-1000,と5d
金,6e,飛,5f,成桂,True,True,False,80,56,-300,銀4d,-1000,と5d
金,6e,飛,5f,成銀,True,True,False,80,56,-100,銀4d,-800,と5d
金,6e,飛,5f,馬,True,True,False,80,48,600,銀4d,-100,と5d
金,6e,飛,5f,龍,True,True,False,80,48,800,銀4d,100,と5d
金,6e,と,5f,歩,True,False,False,80,67,-500,桂6g,-500,桂6g
金,6e,と,5f,香,True,False,False,80,67,-500,桂6g,-500,桂6g
金,6e,と,5f,桂,True,False,False,80,67,-500,桂6g,-500,桂6g
金,6e,と,5f,銀,True,False,False,80,57,-500,銀4d,-500,銀4d
金,6e,と,5f,金,True,True,False,80,56,-500,銀4d,-1200,と5d
金,6e,と,5f,角,True,False,False,80,57,-500,銀4d,-500,銀4d
金,6e,と,5f,飛,True,True,False,80,58,-500,桂6g,-1100,桂6g
金,6e,と,5f,と,True,True,False,80,56,-500,銀4d,-1200,と5d
金,6e,と,5f,成香,True,True,False,80,56,-500,銀4d,-1200,と5d
金,6e,と,5f,成桂,True,True,False,80,56,-500,銀4d,-1200,と5d
金,6e,と,5f,成銀,True,True,False,80,56,-500,銀4d,-1200,と5d
金,6e,と,5f,馬,True,True,False,80,48,-500,銀4d,-1200,と5d
金,6e,と,5f,龍,True,True,False,80,48,-500,銀4d,-1200,と5d
金,6e,成香,5f,歩,True,False,False,80,67,-300,桂6g,-300,桂6g
金,6e,成香,5f,香,True,False,False,80,67,-300,桂6g,-300,桂6g
金,6e,成香,5f,桂,True,False,False,80,67,-300,桂6g,-300,桂6g
金,6e,成香,5f,銀,True,False,False,80,57,-300,銀4d,-300,銀4d
金,6e,成香,5f,金,True,True,False,80,56,-300,銀4d,-1000,と5d
金,6e,成香,5f,角,True,False,False,80,57,-300,銀4d,-300,銀4d
金,6e,成香,5f,飛,True,True,False,80,58,-300,桂6g,-900,桂6g
金,6e,成香,5f,と,True,True,False,80,56,-500,銀4d,-1200,と5d
金,6e,成香,5f,成香,True,True,False,80,56,-300,銀4d,-1000,と5d
金,6e,成香,5f,成桂,True,True,False,80,56,-300,銀4d,-1000,と5d
金,6e,成香,5f,成銀,True,True,False,80,56,-300,銀4d,-1000,と5d
金,6e,成香,5f,馬,True,True,False,80,48,-300,銀4d,-1000,と5d
金,6e,成香,5f,龍,True,True,False,80,48,-300,銀4d,-1000,と5d
金,6e,成桂,5f,歩,True,False,False,80,67,-300,桂6g,-300,桂6g
金,6e,成桂,5f,香,True,False,False,80,67,-300,桂6g,-300,桂6g
金,6e,成桂,5f,桂,True,False,False,80,67,-300,桂6g,-300,桂6g
金,6e,成桂,5f,銀,True,False,False,80,57,-300,銀4d,-300,銀4d
金,6e,成桂,5f,金,True,True,False,80,56,-300,銀4d,-1000,と5d
金,6e,成桂,5f,角,True,False,False,80,57,-300,銀4d,-300,銀4d
金,6e,成桂,5f,飛,True,True,False,80,58,-300,桂6g,-900,桂6g
金,6e,成桂,5f,と,True,True,False,80,56,-500,銀4d,-1200,と5d
金,6e,成桂,5f,成香,True,True,False,80,56,-300,銀4d,-1000,と5d
金,6e,成桂,5f,成桂,True,True,False,80,56,-300,銀4d,-1000,と5d
金,6e,成桂,5f,成銀,True,True,False,80,56,-300,銀4d,-1000,と5d
金,6e,成桂,5f,馬,True,True,False,80,48,-300,銀4d,-1000,と5d
金,6e,成桂,5f,龍,True,True,False,80,48,-300,銀4d,-1000,と5d
金,6e,成銀,5f,歩,True,False,False,80,67,-100,桂6g,-100,桂6g
金,6e,成銀,5f,香,True,False,False,80,67,-100,桂6g,-100,桂6g
金,6e,成銀,5f,桂,True,False,False,80,67,-100,桂6g,-100,桂6g
金,6e,成銀,5f,銀,True,False,False,80,57,-100,銀4d,-100,銀4d
金,6e,成銀,5f,金,True,True,False,80,56,-100,銀4d,-800,と5d
金,6e,成銀,5f,角,True,False,False,80,57,-100,銀4d,-100,銀4d
金,6e,成銀,5f,飛,True,True,False,80,58,-100,桂6g,-700,桂6g
金,6e,成銀,5f,と,True,True,False,80,56,-500,銀4d,-1200,と5d
金,6e,成銀,5f,成香,True,True,False,80,56,-300,銀4d,-1000,と5d
金,6e,成銀,5f,成桂,True,True,False,80,56,-300,銀4d,-1000,と5d
金,6e,成銀,5f,成銀,True,True,False,80,56,-100,銀4d,-800,と5d
金,6e,成銀,5f,馬,True,True,False,80,48,-100,銀4d,-800,と5d
金,6e,成銀,5f,龍,True,True,False,80,48,-100,銀4d,-800,と5d
金,6e,馬,5f,歩,True,False,False,80,59,600,桂6g,600,桂6g
金,6e,馬,5f,香,True,False,False,80,59,600,桂6g,600,桂6g
金,6e,馬,5f,桂,True,False,False,80,59,600,桂6g,600,桂6g
金,6e,馬,5f,銀,True,False,False,80,49,600,銀4d,600,銀4d
金,6e,馬,5f,金,True,True,False,80,48,0,銀4d,-700,と4e
金,6e,馬,5f,角,True,False,False,80,49,600,銀4d,600,銀4d
金,6e,馬,5f,飛,True,True,False,80,50,600,桂6g,0,桂6g
金,6e,馬,5f,と,True,True,False,80,48,-500,銀4d,-1200,と4e
金,6e,馬,5f,成香,True,True,False,80,48,-300,銀4d,-1000,と4e
金,6e,馬,5f,成桂,True,True,False,80,48,-300,銀4d,-1000,と4e
金,6e,馬,5f,成銀,True,True,False,80,48,-100,銀4d,-800,と4e
金,6e,馬,5f,馬,True,True,False,80,40,600,銀4d,-400,銀4d
金,6e,馬,5f,龍,True,True,False,80,40,600,銀4d,-400,銀4d
金,6e,龍,5f,歩,True,False,False,80,58,1000,桂4g,1000,桂4g
金,6e,龍,5f,香,True,False,False,80,58,1000,桂4g,1000,桂4g
金,6e,龍,5f,桂,True,False,False,80,58,1000,桂4g,1000,桂4g
金,6e,龍,5f,銀,True,False,False,80,49,1000,銀4d,1000,銀4d
金,6e,龍,5f,金,True,True,False,80,48,0,銀4d,-700,と4e
金,6e,龍,5f,角,True,False,False,80,49,1000,銀4d,1000,銀4d
金,6e,龍,5f,飛,True,True,False,80,49,800,桂4g,200,桂4g
金,6e,龍,5f,と,True,True,False,80,48,-500,銀4d,-1200,と4e
金,6e,龍,5f,成香,True,True,False,80,48,-300,銀4d,-1000,と4e
金,6e,龍,5f,成桂,True,True,False,80,48,-300,銀4d,-1000,と4e
金,6e,龍,5f,成銀,True,True,False,80,48,-100,銀4d,-800,と4e
金,6e,龍,5f,馬,True,True,False,80,40,600,銀4d,-400,銀4d
金,6e,龍,5f,龍,True,True,False,80,40,1000,銀4d,0,銀4d
